Year,Rank,Country name,Ladder score,,,,,,,,,,,,,,,
2024,1,Finland,7.736,,,,,,,,,,,,,,,
2023,143,Afghanistan,1.721,,,,,,,,,,,,,,,
2022,137,Afghanistan,1.859,,,,,,,,,,,,,,,
2021,146,Afghanistan,2.404,,,,,,,,,,,,,,,
2020,150,Afghanistan,2.523,,,,,,,,,,,,,,,
2019,153,Afghanistan,2.567,,,,,,,,,,,,,,,
2018,154,Afghanistan,3.203,,,,,,,,,,,,,,,
2017,145,Afghanistan,3.632,,,,,,,,,,,,,,,
2016,141,Afghanistan,3.794,,,,,,,,,,,,,,,
2015,154,Afghanistan,3.360,,,,,,,,,,,,,,,
2014,153,Afghanistan,3.575,,,,,,,,,,,,,,,
2012,143,Afghanistan,4.040,,,,,,,,,,,,,,,
2011,131,Afghanistan,4.258,,,,,,,,,,,,,,,
2024,2,Denmark,7.521,,,,,,,,,,,,,,,
2023,87,Albania,5.304,,,,,,,,,,,,,,,
2022,83,Albania,5.277,,,,,,,,,,,,,,,
2021,90,Albania,5.199,,,,,,,,,,,,,,,
2020,94,Albania,5.117,,,,,,,,,,,,,,,
2019,105,Albania,4.883,,,,,,,,,,,,,,,
2018,107,Albania,4.719,,,,,,,,,,,,,,,
2017,112,Albania,4.586,,,,,,,,,,,,,,,
2016,109,Albania,4.644,,,,,,,,,,,,,,,
2015,109,Albania,4.655,,,,,,,,,,,,,,,
2014,95,Albania,4.959,,,,,,,,,,,,,,,
2012,62,Albania,5.550,,,,,,,,,,,,,,,
2011,88,Albania,5.134,,,,,,,,,,,,,,,
2024,3,Iceland,7.515,,,,,,,,,,,,,,,
2023,85,Algeria,5.364,,,,,,,,,,,,,,,
2022,81,Algeria,5.329,,,,,,,,,,,,,,,
2021,96,Algeria,5.122,,,,,,,,,,,,,,,
2020,110,Algeria,4.887,,,,,,,,,,,,,,,
2019,100,Algeria,5.005,,,,,,,,,,,,,,,
2018,88,Algeria,5.211,,,,,,,,,,,,,,,
2017,84,Algeria,5.295,,,,,,,,,,,,,,,
2016,53,Algeria,5.872,,,,,,,,,,,,,,,
2015,38,Algeria,6.355,,,,,,,,,,,,,,,
2014,68,Algeria,5.605,,,,,,,,,,,,,,,
2012,73,Algeria,5.422,,,,,,,,,,,,,,,
2011,71,Algeria,5.368,,,,,,,,,,,,,,,
2017,142,Angola,3.795,,,,,,,,,,,,,,,
2016,140,Angola,3.795,,,,,,,,,,,,,,,
2015,141,Angola,3.866,,,,,,,,,,,,,,,
2014,137,Angola,4.033,,,,,,,,,,,,,,,
2012,61,Angola,5.589,,,,,,,,,,,,,,,
2011,135,Angola,4.178,,,,,,,,,,,,,,,
2024,4,Sweden,7.345,,,,,,,,,,,,,,,
2023,48,Argentina,6.188,,,,,,,,,,,,,,,
2022,52,Argentina,6.024,,,,,,,,,,,,,,,
2021,57,Argentina,5.967,,,,,,,,,,,,,,,
2020,58,Argentina,5.929,,,,,,,,,,,,,,,
2019,55,Argentina,5.975,,,,,,,,,,,,,,,
2018,47,Argentina,6.086,,,,,,,,,,,,,,,
2017,29,Argentina,6.388,,,,,,,,,,,,,,,
2016,24,Argentina,6.599,,,,,,,,,,,,,,,
2015,26,Argentina,6.650,,,,,,,,,,,,,,,
2014,30,Argentina,6.574,,,,,,,,,,,,,,,
2012,29,Argentina,6.562,,,,,,,,,,,,,,,
2011,39,Argentina,6.242,,,,,,,,,,,,,,,
2024,5,Netherlands,7.306,,,,,,,,,,,,,,,
2023,82,Armenia,5.455,,,,,,,,,,,,,,,
2022,79,Armenia,5.342,,,,,,,,,,,,,,,
2021,82,Armenia,5.399,,,,,,,,,,,,,,,
2020,87,Armenia,5.283,,,,,,,,,,,,,,,
2019,116,Armenia,4.677,,,,,,,,,,,,,,,
2018,116,Armenia,4.559,,,,,,,,,,,,,,,
2017,129,Armenia,4.321,,,,,,,,,,,,,,,
2016,121,Armenia,4.376,,,,,,,,,,,,,,,
2015,121,Armenia,4.360,,,,,,,,,,,,,,,
2014,127,Armenia,4.350,,,,,,,,,,,,,,,
2012,128,Armenia,4.316,,,,,,,,,,,,,,,
2011,122,Armenia,4.474,,,,,,,,,,,,,,,
2024,6,Costa Rica,7.274,,,,,,,,,,,,,,,
2023,10,Australia,7.057,,,,,,,,,,,,,,,
2022,12,Australia,7.095,,,,,,,,,,,,,,,
2021,12,Australia,7.162,,,,,,,,,,,,,,,
2020,12,Australia,7.183,,,,,,,,,,,,,,,
2019,12,Australia,7.223,,,,,,,,,,,,,,,
2018,11,Australia,7.228,,,,,,,,,,,,,,,
2017,10,Australia,7.272,,,,,,,,,,,,,,,
2016,9,Australia,7.284,,,,,,,,,,,,,,,
2015,9,Australia,7.313,,,,,,,,,,,,,,,
2014,10,Australia,7.284,,,,,,,,,,,,,,,
2012,10,Australia,7.350,,,,,,,,,,,,,,,
2011,9,Australia,7.345,,,,,,,,,,,,,,,
2024,7,Norway,7.262,,,,,,,,,,,,,,,
2023,14,Austria,6.905,,,,,,,,,,,,,,,
2022,11,Austria,7.097,,,,,,,,,,,,,,,
2021,11,Austria,7.163,,,,,,,,,,,,,,,
2020,11,Austria,7.268,,,,,,,,,,,,,,,
2019,9,Austria,7.294,,,,,,,,,,,,,,,
2018,10,Austria,7.246,,,,,,,,,,,,,,,
2017,12,Austria,7.139,,,,,,,,,,,,,,,
2016,13,Austria,7.006,,,,,,,,,,,,,,,
2015,12,Austria,7.119,,,,,,,,,,,,,,,
2014,13,Austria,7.200,,,,,,,,,,,,,,,
2012,8,Austria,7.369,,,,,,,,,,,,,,,
2011,13,Austria,7.227,,,,,,,,,,,,,,,
2024,8,Israel,7.234,,,,,,,,,,,,,,,
2023,101,Azerbaijan,4.893,,,,,,,,,,,,,,,
2021,92,Azerbaijan,5.173,,,,,,,,,,,,,,,
2020,91,Azerbaijan,5.171,,,,,,,,,,,,,,,
2019,89,Azerbaijan,5.165,,,,,,,,,,,,,,,
2018,90,Azerbaijan,5.208,,,,,,,,,,,,,,,
2017,87,Azerbaijan,5.201,,,,,,,,,,,,,,,
2016,85,Azerbaijan,5.234,,,,,,,,,,,,,,,
2015,81,Azerbaijan,5.291,,,,,,,,,,,,,,,
2014,80,Azerbaijan,5.212,,,,,,,,,,,,,,,
2012,116,Azerbaijan,4.604,,,,,,,,,,,,,,,
2011,116,Azerbaijan,4.582,,,,,,,,,,,,,,,
2024,9,Luxembourg,7.122,,,,,,,,,,,,,,,
2023,62,Bahrain,5.959,,,,,,,,,,,,,,,
2022,42,Bahrain,6.173,,,,,,,,,,,,,,,
2021,21,Bahrain,6.647,,,,,,,,,,,,,,,
2020,23,Bahrain,6.647,,,,,,,,,,,,,,,
2019,40,Bahrain,6.227,,,,,,,,,,,,,,,
2018,37,Bahrain,6.199,,,,,,,,,,,,,,,
2017,43,Bahrain,6.105,,,,,,,,,,,,,,,
2016,41,Bahrain,6.087,,,,,,,,,,,,,,,
2015,42,Bahrain,6.218,,,,,,,,,,,,,,,
2014,49,Bahrain,5.960,,,,,,,,,,,,,,,
2012,79,Bahrain,5.312,,,,,,,,,,,,,,,
2011,61,Bahrain,5.568,,,,,,,,,,,,,,,
2024,10,Mexico,6.979,,,,,,,,,,,,,,,
2023,129,Bangladesh,3.886,,,,,,,,,,,,,,,
2022,118,Bangladesh,4.282,,,,,,,,,,,,,,,
2021,94,Bangladesh,5.155,,,,,,,,,,,,,,,
2020,102,Bangladesh,5.025,,,,,,,,,,,,,,,
2019,107,Bangladesh,4.833,,,,,,,,,,,,,,,
2018,125,Bangladesh,4.456,,,,,,,,,,,,,,,
2017,115,Bangladesh,4.500,,,,,,,,,,,,,,,
2016,110,Bangladesh,4.608,,,,,,,,,,,,,,,
2015,110,Bangladesh,4.643,,,,,,,,,,,,,,,
2014,109,Bangladesh,4.694,,,,,,,,,,,,,,,
2012,108,Bangladesh,4.804,,,,,,,,,,,,,,,
2011,104,Bangladesh,4.807,,,,,,,,,,,,,,,
2021,65,Belarus,5.821,,,,,,,,,,,,,,,
2020,76,Belarus,5.534,,,,,,,,,,,,,,,
2019,75,Belarus,5.540,,,,,,,,,,,,,,,
2018,81,Belarus,5.323,,,,,,,,,,,,,,,
2017,73,Belarus,5.483,,,,,,,,,,,,,,,
2016,67,Belarus,5.569,,,,,,,,,,,,,,,
2015,61,Belarus,5.802,,,,,,,,,,,,,,,
2014,59,Belarus,5.813,,,,,,,,,,,,,,,
2012,66,Belarus,5.504,,,,,,,,,,,,,,,
2011,62,Belarus,5.566,,,,,,,,,,,,,,,
2024,11,Australia,6.974,,,,,,,,,,,,,,,
2023,16,Belgium,6.894,,,,,,,,,,,,,,,
2022,17,Belgium,6.859,,,,,,,,,,,,,,,
2021,19,Belgium,6.805,,,,,,,,,,,,,,,
2020,21,Belgium,6.834,,,,,,,,,,,,,,,
2019,20,Belgium,6.864,,,,,,,,,,,,,,,
2018,18,Belgium,6.923,,,,,,,,,,,,,,,
2017,16,Belgium,6.927,,,,,,,,,,,,,,,
2016,17,Belgium,6.891,,,,,,,,,,,,,,,
2015,18,Belgium,6.929,,,,,,,,,,,,,,,
2014,19,Belgium,6.937,,,,,,,,,,,,,,,
2012,21,Belgium,6.967,,,,,,,,,,,,,,,
2011,15,Belgium,7.113,,,,,,,,,,,,,,,
2024,12,New Zealand,6.952,,,,,,,,,,,,,,,
2017,49,Belize,5.956,,,,,,,,,,,,,,,
2016,50,Belize,5.956,,,,,,,,,,,,,,,
2015,52,Belize,5.956,,,,,,,,,,,,,,,
2011,34,Belize,6.451,,,,,,,,,,,,,,,
2024,13,Switzerland,6.935,,,,,,,,,,,,,,,
2023,116,Benin,4.377,,,,,,,,,,,,,,,
2022,116,Benin,4.374,,,,,,,,,,,,,,,
2021,115,Benin,4.623,,,,,,,,,,,,,,,
2020,100,Benin,5.045,,,,,,,,,,,,,,,
2019,86,Benin,5.216,,,,,,,,,,,,,,,
2018,102,Benin,4.883,,,,,,,,,,,,,,,
2017,136,Benin,4.141,,,,,,,,,,,,,,,
2016,143,Benin,3.657,,,,,,,,,,,,,,,
2015,153,Benin,3.484,,,,,,,,,,,,,,,
2014,155,Benin,3.340,,,,,,,,,,,,,,,
2012,155,Benin,3.528,,,,,,,,,,,,,,,
2011,155,Benin,3.493,,,,,,,,,,,,,,,
2018,95,Bhutan,5.082,,,,,,,,,,,,,,,
2017,97,Bhutan,5.082,,,,,,,,,,,,,,,
2016,97,Bhutan,5.011,,,,,,,,,,,,,,,
2015,84,Bhutan,5.196,,,,,,,,,,,,,,,
2014,79,Bhutan,5.253,,,,,,,,,,,,,,,
2024,14,Belgium,6.910,,,,,,,,,,,,,,,
2023,73,Bolivia,5.784,,,,,,,,,,,,,,,
2022,69,Bolivia,5.684,,,,,,,,,,,,,,,
2021,71,Bolivia,5.600,,,,,,,,,,,,,,,
2020,70,Bolivia,5.716,,,,,,,,,,,,,,,
2019,65,Bolivia,5.747,,,,,,,,,,,,,,,
2018,61,Bolivia,5.779,,,,,,,,,,,,,,,
2017,62,Bolivia,5.752,,,,,,,,,,,,,,,
2016,58,Bolivia,5.823,,,,,,,,,,,,,,,
2015,59,Bolivia,5.822,,,,,,,,,,,,,,,
2014,51,Bolivia,5.890,,,,,,,,,,,,,,,
2012,50,Bolivia,5.857,,,,,,,,,,,,,,,
2011,57,Bolivia,5.633,,,,,,,,,,,,,,,
2024,15,Ireland,6.889,,,,,,,,,,,,,,,
2023,65,Bosnia and Herzegovina,5.877,,,,,,,,,,,,,,,
2022,71,Bosnia and Herzegovina,5.633,,,,,,,,,,,,,,,
2021,67,Bosnia and Herzegovina,5.768,,,,,,,,,,,,,,,
2020,65,Bosnia and Herzegovina,5.813,,,,,,,,,,,,,,,
2019,69,Bosnia and Herzegovina,5.674,,,,,,,,,,,,,,,
2018,78,Bosnia and Herzegovina,5.386,,,,,,,,,,,,,,,
2017,93,Bosnia and Herzegovina,5.129,,,,,,,,,,,,,,,
2016,90,Bosnia and Herzegovina,5.182,,,,,,,,,,,,,,,
2015,87,Bosnia and Herzegovina,5.163,,,,,,,,,,,,,,,
2014,96,Bosnia and Herzegovina,4.949,,,,,,,,,,,,,,,
2012,107,Bosnia and Herzegovina,4.813,,,,,,,,,,,,,,,
2011,99,Bosnia and Herzegovina,4.857,,,,,,,,,,,,,,,
2024,16,Lithuania,6.829,,,,,,,,,,,,,,,
2023,137,Botswana,3.383,,,,,,,,,,,,,,,
2022,132,Botswana,3.435,,,,,,,,,,,,,,,
2021,142,Botswana,3.471,,,,,,,,,,,,,,,
2020,147,Botswana,3.467,,,,,,,,,,,,,,,
2019,147,Botswana,3.479,,,,,,,,,,,,,,,
2018,148,Botswana,3.488,,,,,,,,,,,,,,,
2017,146,Botswana,3.590,,,,,,,,,,,,,,,
2016,142,Botswana,3.766,,,,,,,,,,,,,,,
2015,137,Botswana,3.974,,,,,,,,,,,,,,,
2014,128,Botswana,4.332,,,,,,,,,,,,,,,
2012,145,Botswana,3.970,,,,,,,,,,,,,,,
2011,117,Botswana,4.581,,,,,,,,,,,,,,,
2024,17,Austria,6.810,,,,,,,,,,,,,,,
2023,44,Brazil,6.272,,,,,,,,,,,,,,,
2022,49,Brazil,6.125,,,,,,,,,,,,,,,
2021,38,Brazil,6.293,,,,,,,,,,,,,,,
2020,36,Brazil,6.330,,,,,,,,,,,,,,,
2019,32,Brazil,6.376,,,,,,,,,,,,,,,
2018,32,Brazil,6.300,,,,,,,,,,,,,,,
2017,28,Brazil,6.419,,,,,,,,,,,,,,,
2016,22,Brazil,6.635,,,,,,,,,,,,,,,
2015,17,Brazil,6.952,,,,,,,,,,,,,,,
2014,16,Brazil,6.983,,,,,,,,,,,,,,,
2012,24,Brazil,6.849,,,,,,,,,,,,,,,
2011,25,Brazil,6.697,,,,,,,,,,,,,,,
2024,18,Canada,6.803,,,,,,,,,,,,,,,
2023,81,Bulgaria,5.463,,,,,,,,,,,,,,,
2022,77,Bulgaria,5.466,,,,,,,,,,,,,,,
2021,85,Bulgaria,5.371,,,,,,,,,,,,,,,
2020,89,Bulgaria,5.266,,,,,,,,,,,,,,,
2019,96,Bulgaria,5.102,,,,,,,,,,,,,,,
2018,97,Bulgaria,5.011,,,,,,,,,,,,,,,
2017,100,Bulgaria,4.933,,,,,,,,,,,,,,,
2016,105,Bulgaria,4.714,,,,,,,,,,,,,,,
2015,129,Bulgaria,4.217,,,,,,,,,,,,,,,
2014,134,Bulgaria,4.218,,,,,,,,,,,,,,,
2012,144,Bulgaria,3.981,,,,,,,,,,,,,,,
2011,147,Bulgaria,3.889,,,,,,,,,,,,,,,
2024,19,Slovenia,6.792,,,,,,,,,,,,,,,
2023,110,Burkina Faso,4.548,,,,,,,,,,,,,,,
2022,104,Burkina Faso,4.638,,,,,,,,,,,,,,,
2021,113,Burkina Faso,4.670,,,,,,,,,,,,,,,
2020,114,Burkina Faso,4.834,,,,,,,,,,,,,,,
2019,112,Burkina Faso,4.769,,,,,,,,,,,,,,,
2018,115,Burkina Faso,4.587,,,,,,,,,,,,,,,
2017,121,Burkina Faso,4.424,,,,,,,,,,,,,,,
2016,134,Burkina Faso,4.032,,,,,,,,,,,,,,,
2015,145,Burkina Faso,3.739,,,,,,,,,,,,,,,
2014,152,Burkina Faso,3.587,,,,,,,,,,,,,,,
2012,131,Burkina Faso,4.259,,,,,,,,,,,,,,,
2011,144,Burkina Faso,3.926,,,,,,,,,,,,,,,
2020,141,Burundi,3.775,,,,,,,,,,,,,,,
2019,140,Burundi,3.775,,,,,,,,,,,,,,,
2018,145,Burundi,3.775,,,,,,,,,,,,,,,
2017,156,Burundi,2.905,,,,,,,,,,,,,,,
2016,154,Burundi,2.905,,,,,,,,,,,,,,,
2015,157,Burundi,2.905,,,,,,,,,,,,,,,
2014,157,Burundi,2.906,,,,,,,,,,,,,,,
2012,153,Burundi,3.706,,,,,,,,,,,,,,,
2011,152,Burundi,3.678,,,,,,,,,,,,,,,
2024,20,Czechia,6.775,,,,,,,,,,,,,,,
2023,119,Cambodia,4.341,,,,,,,,,,,,,,,
2022,115,Cambodia,4.393,,,,,,,,,,,,,,,
2021,114,Cambodia,4.640,,,,,,,,,,,,,,,
2020,115,Cambodia,4.830,,,,,,,,,,,,,,,
2019,106,Cambodia,4.848,,,,,,,,,,,,,,,
2018,109,Cambodia,4.700,,,,,,,,,,,,,,,
2017,120,Cambodia,4.433,,,,,,,,,,,,,,,
2016,129,Cambodia,4.168,,,,,,,,,,,,,,,
2015,140,Cambodia,3.907,,,,,,,,,,,,,,,
2014,145,Cambodia,3.819,,,,,,,,,,,,,,,
2012,140,Cambodia,4.067,,,,,,,,,,,,,,,
2011,138,Cambodia,4.101,,,,,,,,,,,,,,,
2024,21,United Arab Emirates,6.759,,,,,,,,,,,,,,,
2023,104,Cameroon,4.874,,,,,,,,,,,,,,,
2022,96,Cameroon,4.973,,,,,,,,,,,,,,,
2021,102,Cameroon,5.048,,,,,,,,,,,,,,,
2020,92,Cameroon,5.142,,,,,,,,,,,,,,,
2019,98,Cameroon,5.085,,,,,,,,,,,,,,,
2018,96,Cameroon,5.044,,,,,,,,,,,,,,,
2017,99,Cameroon,4.975,,,,,,,,,,,,,,,
2016,107,Cameroon,4.695,,,,,,,,,,,,,,,
2015,114,Cameroon,4.513,,,,,,,,,,,,,,,
2014,133,Cameroon,4.252,,,,,,,,,,,,,,,
2012,122,Cameroon,4.420,,,,,,,,,,,,,,,
2011,126,Cameroon,4.376,,,,,,,,,,,,,,,
2024,22,Germany,6.753,,,,,,,,,,,,,,,
2023,15,Canada,6.900,,,,,,,,,,,,,,,
2022,13,Canada,6.961,,,,,,,,,,,,,,,
2021,15,Canada,7.025,,,,,,,,,,,,,,,
2020,15,Canada,7.103,,,,,,,,,,,,,,,
2019,11,Canada,7.232,,,,,,,,,,,,,,,
2018,9,Canada,7.278,,,,,,,,,,,,,,,
2017,7,Canada,7.328,,,,,,,,,,,,,,,
2016,7,Canada,7.316,,,,,,,,,,,,,,,
2015,6,Canada,7.404,,,,,,,,,,,,,,,
2014,5,Canada,7.427,,,,,,,,,,,,,,,
2012,6,Canada,7.477,,,,,,,,,,,,,,,
2011,5,Canada,7.499,,,,,,,,,,,,,,,
2019,149,Central African Republic,3.476,,,,,,,,,,,,,,,
2018,155,Central African Republic,3.083,,,,,,,,,,,,,,,
2017,155,Central African Republic,3.083,,,,,,,,,,,,,,,
2016,155,Central African Republic,2.693,,,,,,,,,,,,,,,
2014,148,Central African Republic,3.678,,,,,,,,,,,,,,,
2012,154,Central African Republic,3.623,,,,,,,,,,,,,,,
2011,154,Central African Republic,3.568,,,,,,,,,,,,,,,
2024,23,United Kingdom,6.728,,,,,,,,,,,,,,,
2023,113,Chad,4.471,,,,,,,,,,,,,,,
2022,114,Chad,4.397,,,,,,,,,,,,,,,
2021,130,Chad,4.251,,,,,,,,,,,,,,,
2020,129,Chad,4.355,,,,,,,,,,,,,,,
2019,127,Chad,4.423,,,,,,,,,,,,,,,
2018,132,Chad,4.350,,,,,,,,,,,,,,,
2017,131,Chad,4.301,,,,,,,,,,,,,,,
2016,137,Chad,3.936,,,,,,,,,,,,,,,
2015,144,Chad,3.763,,,,,,,,,,,,,,,
2014,149,Chad,3.667,,,,,,,,,,,,,,,
2012,141,Chad,4.056,,,,,,,,,,,,,,,
2011,145,Chad,3.919,,,,,,,,,,,,,,,
2024,24,United States,6.724,,,,,,,,,,,,,,,
2023,38,Chile,6.360,,,,,,,,,,,,,,,
2022,35,Chile,6.334,,,,,,,,,,,,,,,
2021,44,Chile,6.172,,,,,,,,,,,,,,,
2020,44,Chile,6.172,,,,,,,,,,,,,,,
2019,39,Chile,6.228,,,,,,,,,,,,,,,
2018,26,Chile,6.444,,,,,,,,,,,,,,,
2017,25,Chile,6.476,,,,,,,,,,,,,,,
2016,20,Chile,6.652,,,,,,,,,,,,,,,
2015,24,Chile,6.705,,,,,,,,,,,,,,,
2014,27,Chile,6.670,,,,,,,,,,,,,,,
2012,28,Chile,6.587,,,,,,,,,,,,,,,
2011,43,Chile,6.128,,,,,,,,,,,,,,,
2024,25,Belize,6.711,,,,,,,,,,,,,,,
2023,60,China,5.973,,,,,,,,,,,,,,,
2022,64,China,5.818,,,,,,,,,,,,,,,
2021,72,China,5.585,,,,,,,,,,,,,,,
2020,85,China,5.339,,,,,,,,,,,,,,,
2019,94,China,5.124,,,,,,,,,,,,,,,
2018,93,China,5.191,,,,,,,,,,,,,,,
2017,86,China,5.246,,,,,,,,,,,,,,,
2016,79,China,5.273,,,,,,,,,,,,,,,
2015,83,China,5.245,,,,,,,,,,,,,,,
2014,84,China,5.140,,,,,,,,,,,,,,,
2012,93,China,4.978,,,,,,,,,,,,,,,
2011,112,China,4.680,,,,,,,,,,,,,,,
2024,26,Poland,6.673,,,,,,,,,,,,,,,
2023,78,Colombia,5.695,,,,,,,,,,,,,,,
2022,72,Colombia,5.630,,,,,,,,,,,,,,,
2021,66,Colombia,5.781,,,,,,,,,,,,,,,
2020,53,Colombia,6.012,,,,,,,,,,,,,,,
2019,44,Colombia,6.163,,,,,,,,,,,,,,,
2018,43,Colombia,6.125,,,,,,,,,,,,,,,
2017,37,Colombia,6.260,,,,,,,,,,,,,,,
2016,36,Colombia,6.357,,,,,,,,,,,,,,,
2015,31,Colombia,6.481,,,,,,,,,,,,,,,
2014,33,Colombia,6.477,,,,,,,,,,,,,,,
2012,35,Colombia,6.416,,,,,,,,,,,,,,,
2011,41,Colombia,6.202,,,,,,,,,,,,,,,
2024,27,Taiwan Province of China,6.669,,,,,,,,,,,,,,,
2023,132,Comoros,3.566,,,,,,,,,,,,,,,
2022,130,Comoros,3.545,,,,,,,,,,,,,,,
2021,116,Comoros,4.609,,,,,,,,,,,,,,,
2020,132,Comoros,4.289,,,,,,,,,,,,,,,
2019,134,Comoros,4.289,,,,,,,,,,,,,,,
2018,142,Comoros,3.973,,,,,,,,,,,,,,,
2015,138,Comoros,3.956,,,,,,,,,,,,,,,
2014,140,Comoros,3.956,,,,,,,,,,,,,,,
2012,149,Comoros,3.851,,,,,,,,,,,,,,,
2011,151,Comoros,3.700,,,,,,,,,,,,,,,
2024,28,Uruguay,6.661,,,,,,,,,,,,,,,
2023,89,Congo,5.221,,,,,,,,,,,,,,,
2022,86,Congo,5.267,,,,,,,,,,,,,,,
2021,99,Congo,5.075,,,,,,,,,,,,,,,
2020,84,Congo,5.342,,,,,,,,,,,,,,,
2019,88,Congo,5.194,,,,,,,,,,,,,,,
2018,103,Congo,4.812,,,,,,,,,,,,,,,
2017,114,Congo,4.559,,,,,,,,,,,,,,,
2016,124,Congo,4.291,,,,,,,,,,,,,,,
2015,127,Congo,4.236,,,,,,,,,,,,,,,
2014,139,Congo,3.989,,,,,,,,,,,,,,,
2012,129,Congo,4.297,,,,,,,,,,,,,,,
2011,148,Congo,3.820,,,,,,,,,,,,,,,
2024,29,Kosovo,6.659,,,,,,,,,,,,,,,
2023,12,Costa Rica,6.955,,,,,,,,,,,,,,,
2022,23,Costa Rica,6.609,,,,,,,,,,,,,,,
2021,23,Costa Rica,6.582,,,,,,,,,,,,,,,
2020,17,Costa Rica,7.069,,,,,,,,,,,,,,,
2019,15,Costa Rica,7.121,,,,,,,,,,,,,,,
2018,12,Costa Rica,7.167,,,,,,,,,,,,,,,
2017,13,Costa Rica,7.072,,,,,,,,,,,,,,,
2016,12,Costa Rica,7.079,,,,,,,,,,,,,,,
2015,14,Costa Rica,7.087,,,,,,,,,,,,,,,
2014,12,Costa Rica,7.226,,,,,,,,,,,,,,,
2012,12,Costa Rica,7.257,,,,,,,,,,,,,,,
2011,12,Costa Rica,7.251,,,,,,,,,,,,,,,
2024,30,Kuwait,6.629,,,,,,,,,,,,,,,
2023,96,Cìte d?Ivoire,5.080,,,,,,,,,,,,,,,
2022,93,Cìte d?Ivoire,5.053,,,,,,,,,,,,,,,
2021,88,Cìte d?Ivoire,5.235,,,,,,,,,,,,,,,
2020,86,Cìte d?Ivoire,5.306,,,,,,,,,,,,,,,
2019,85,Cìte d?Ivoire,5.233,,,,,,,,,,,,,,,
2018,99,Cìte d?Ivoire,4.944,,,,,,,,,,,,,,,
2017,107,Cìte d?Ivoire,4.671,,,,,,,,,,,,,,,
2016,128,Cìte d?Ivoire,4.180,,,,,,,,,,,,,,,
2015,139,Cìte d?Ivoire,3.916,,,,,,,,,,,,,,,
2014,151,Cìte d?Ivoire,3.655,,,,,,,,,,,,,,,
2011,133,Cìte d?Ivoire,4.197,,,,,,,,,,,,,,,
2024,31,Serbia,6.606,,,,,,,,,,,,,,,
2023,63,Croatia,5.942,,,,,,,,,,,,,,,
2022,48,Croatia,6.125,,,,,,,,,,,,,,,
2021,47,Croatia,6.125,,,,,,,,,,,,,,,
2020,61,Croatia,5.882,,,,,,,,,,,,,,,
2019,79,Croatia,5.505,,,,,,,,,,,,,,,
2018,75,Croatia,5.432,,,,,,,,,,,,,,,
2017,82,Croatia,5.321,,,,,,,,,,,,,,,
2016,77,Croatia,5.293,,,,,,,,,,,,,,,
2015,74,Croatia,5.488,,,,,,,,,,,,,,,
2014,62,Croatia,5.759,,,,,,,,,,,,,,,
2012,58,Croatia,5.661,,,,,,,,,,,,,,,
2011,58,Croatia,5.623,,,,,,,,,,,,,,,
2011,69,Cuba,5.418,,,,,,,,,,,,,,,
2024,32,Saudi Arabia,6.600,,,,,,,,,,,,,,,
2023,50,Cyprus,6.068,,,,,,,,,,,,,,,
2022,46,Cyprus,6.130,,,,,,,,,,,,,,,
2021,41,Cyprus,6.221,,,,,,,,,,,,,,,
2020,40,Cyprus,6.223,,,,,,,,,,,,,,,
2019,45,Cyprus,6.159,,,,,,,,,,,,,,,
2018,49,Cyprus,6.046,,,,,,,,,,,,,,,
2017,61,Cyprus,5.762,,,,,,,,,,,,,,,
2016,65,Cyprus,5.621,,,,,,,,,,,,,,,
2015,69,Cyprus,5.546,,,,,,,,,,,,,,,
2014,67,Cyprus,5.689,,,,,,,,,,,,,,,
2012,34,Cyprus,6.466,,,,,,,,,,,,,,,
2011,35,Cyprus,6.416,,,,,,,,,,,,,,,
2024,33,France,6.593,,,,,,,,,,,,,,,
2023,18,Czechia,6.822,,,,,,,,,,,,,,,
2022,18,Czechia,6.845,,,,,,,,,,,,,,,
2021,18,Czechia,6.920,,,,,,,,,,,,,,,
2020,19,Czechia,6.965,,,,,,,,,,,,,,,
2019,19,Czechia,6.911,,,,,,,,,,,,,,,
2018,20,Czechia,6.852,,,,,,,,,,,,,,,
2017,21,Czechia,6.711,,,,,,,,,,,,,,,
2016,23,Czechia,6.609,,,,,,,,,,,,,,,
2015,27,Czechia,6.596,,,,,,,,,,,,,,,
2014,31,Czechia,6.505,,,,,,,,,,,,,,,
2012,39,Czechia,6.290,,,,,,,,,,,,,,,
2011,36,Czechia,6.360,,,,,,,,,,,,,,,
2024,34,Singapore,6.565,,,,,,,,,,,,,,,
2023,2,Denmark,7.583,,,,,,,,,,,,,,,
2022,2,Denmark,7.586,,,,,,,,,,,,,,,
2021,2,Denmark,7.636,,,,,,,,,,,,,,,
2020,3,Denmark,7.620,,,,,,,,,,,,,,,
2019,2,Denmark,7.646,,,,,,,,,,,,,,,
2018,2,Denmark,7.600,,,,,,,,,,,,,,,
2017,3,Denmark,7.555,,,,,,,,,,,,,,,
2016,2,Denmark,7.522,,,,,,,,,,,,,,,
2015,1,Denmark,7.526,,,,,,,,,,,,,,,
2014,3,Denmark,7.527,,,,,,,,,,,,,,,
2012,1,Denmark,7.693,,,,,,,,,,,,,,,
2011,1,Denmark,7.856,,,,,,,,,,,,,,,
2014,126,Djibouti,4.369,,,,,,,,,,,,,,,
2012,114,Djibouti,4.690,,,,,,,,,,,,,,,
2011,95,Djibouti,4.957,,,,,,,,,,,,,,,
2024,35,Romania,6.563,,,,,,,,,,,,,,,
2023,69,Dominican Republic,5.823,,,,,,,,,,,,,,,
2022,73,Dominican Republic,5.569,,,,,,,,,,,,,,,
2021,69,Dominican Republic,5.737,,,,,,,,,,,,,,,
2020,74,Dominican Republic,5.545,,,,,,,,,,,,,,,
2019,68,Dominican Republic,5.689,,,,,,,,,,,,,,,
2018,77,Dominican Republic,5.425,,,,,,,,,,,,,,,
2017,83,Dominican Republic,5.302,,,,,,,,,,,,,,,
2016,86,Dominican Republic,5.230,,,,,,,,,,,,,,,
2015,89,Dominican Republic,5.155,,,,,,,,,,,,,,,
2014,98,Dominican Republic,4.885,,,,,,,,,,,,,,,
2012,95,Dominican Republic,4.963,,,,,,,,,,,,,,,
2011,93,Dominican Republic,5.036,,,,,,,,,,,,,,,
2024,36,Brazil,6.494,,,,,,,,,,,,,,,
2023,139,DR Congo,3.295,,,,,,,,,,,,,,,
2022,133,DR Congo,3.207,,,,,,,,,,,,,,,
2019,131,DR Congo,4.311,,,,,,,,,,,,,,,
2018,127,DR Congo,4.418,,,,,,,,,,,,,,,
2017,132,DR Congo,4.245,,,,,,,,,,,,,,,
2016,126,DR Congo,4.280,,,,,,,,,,,,,,,
2015,125,DR Congo,4.272,,,,,,,,,,,,,,,
2014,120,DR Congo,4.517,,,,,,,,,,,,,,,
2012,117,DR Congo,4.578,,,,,,,,,,,,,,,
2011,141,DR Congo,3.984,,,,,,,,,,,,,,,
2024,37,El Salvador,6.492,,,,,,,,,,,,,,,
2023,74,Ecuador,5.725,,,,,,,,,,,,,,,
2022,74,Ecuador,5.559,,,,,,,,,,,,,,,
2021,76,Ecuador,5.533,,,,,,,,,,,,,,,
2020,67,Ecuador,5.764,,,,,,,,,,,,,,,
2019,58,Ecuador,5.925,,,,,,,,,,,,,,,
2018,50,Ecuador,6.028,,,,,,,,,,,,,,,
2017,48,Ecuador,5.973,,,,,,,,,,,,,,,
2016,44,Ecuador,6.008,,,,,,,,,,,,,,,
2015,51,Ecuador,5.976,,,,,,,,,,,,,,,
2014,48,Ecuador,5.975,,,,,,,,,,,,,,,
2012,49,Ecuador,5.865,,,,,,,,,,,,,,,
2011,66,Ecuador,5.425,,,,,,,,,,,,,,,
2024,38,Spain,6.466,,,,,,,,,,,,,,,
2023,127,Egypt,3.977,,,,,,,,,,,,,,,
2022,121,Egypt,4.170,,,,,,,,,,,,,,,
2021,129,Egypt,4.288,,,,,,,,,,,,,,,
2020,133,Egypt,4.283,,,,,,,,,,,,,,,
2019,138,Egypt,4.151,,,,,,,,,,,,,,,
2018,137,Egypt,4.166,,,,,,,,,,,,,,,
2017,122,Egypt,4.419,,,,,,,,,,,,,,,
2016,104,Egypt,4.735,,,,,,,,,,,,,,,
2015,120,Egypt,4.362,,,,,,,,,,,,,,,
2014,135,Egypt,4.194,,,,,,,,,,,,,,,
2012,130,Egypt,4.273,,,,,,,,,,,,,,,
2011,101,Egypt,4.853,,,,,,,,,,,,,,,
2024,39,Estonia,6.417,,,,,,,,,,,,,,,
2023,33,El Salvador,6.469,,,,,,,,,,,,,,,
2022,50,El Salvador,6.122,,,,,,,,,,,,,,,
2021,49,El Salvador,6.120,,,,,,,,,,,,,,,
2020,50,El Salvador,6.061,,,,,,,,,,,,,,,
2019,34,El Salvador,6.348,,,,,,,,,,,,,,,
2018,35,El Salvador,6.253,,,,,,,,,,,,,,,
2017,40,El Salvador,6.167,,,,,,,,,,,,,,,
2016,45,El Salvador,6.003,,,,,,,,,,,,,,,
2015,46,El Salvador,6.068,,,,,,,,,,,,,,,
2014,42,El Salvador,6.130,,,,,,,,,,,,,,,
2012,52,El Salvador,5.809,,,,,,,,,,,,,,,
2011,48,El Salvador,5.956,,,,,,,,,,,,,,,
2024,40,Italy,6.415,,,,,,,,,,,,,,,
2023,34,Estonia,6.448,,,,,,,,,,,,,,,
2022,31,Estonia,6.455,,,,,,,,,,,,,,,
2021,36,Estonia,6.341,,,,,,,,,,,,,,,
2020,41,Estonia,6.189,,,,,,,,,,,,,,,
2019,51,Estonia,6.022,,,,,,,,,,,,,,,
2018,55,Estonia,5.893,,,,,,,,,,,,,,,
2017,63,Estonia,5.739,,,,,,,,,,,,,,,
2016,66,Estonia,5.611,,,,,,,,,,,,,,,
2015,72,Estonia,5.517,,,,,,,,,,,,,,,
2014,73,Estonia,5.429,,,,,,,,,,,,,,,
2012,72,Estonia,5.426,,,,,,,,,,,,,,,
2011,72,Estonia,5.330,,,,,,,,,,,,,,,
2024,41,Panama,6.407,,,,,,,,,,,,,,,
2023,135,Eswatini,3.502,,,,,,,,,,,,,,,
2021,125,Eswatini,4.396,,,,,,,,,,,,,,,
2024,42,Argentina,6.397,,,,,,,,,,,,,,,
2023,130,Ethiopia,3.861,,,,,,,,,,,,,,,
2022,124,Ethiopia,4.091,,,,,,,,,,,,,,,
2021,131,Ethiopia,4.241,,,,,,,,,,,,,,,
2020,134,Ethiopia,4.275,,,,,,,,,,,,,,,
2019,136,Ethiopia,4.186,,,,,,,,,,,,,,,
2018,134,Ethiopia,4.286,,,,,,,,,,,,,,,
2017,127,Ethiopia,4.350,,,,,,,,,,,,,,,
2016,119,Ethiopia,4.460,,,,,,,,,,,,,,,
2015,115,Ethiopia,4.508,,,,,,,,,,,,,,,
2014,122,Ethiopia,4.512,,,,,,,,,,,,,,,
2012,119,Ethiopia,4.561,,,,,,,,,,,,,,,
2011,139,Ethiopia,4.064,,,,,,,,,,,,,,,
2024,43,Kazakhstan,6.378,,,,,,,,,,,,,,,
2023,1,Finland,7.741,,,,,,,,,,,,,,,
2022,1,Finland,7.804,,,,,,,,,,,,,,,
2021,1,Finland,7.821,,,,,,,,,,,,,,,
2020,2,Finland,7.842,,,,,,,,,,,,,,,
2019,1,Finland,7.809,,,,,,,,,,,,,,,
2018,1,Finland,7.769,,,,,,,,,,,,,,,
2017,1,Finland,7.632,,,,,,,,,,,,,,,
2016,5,Finland,7.469,,,,,,,,,,,,,,,
2015,5,Finland,7.413,,,,,,,,,,,,,,,
2014,6,Finland,7.406,,,,,,,,,,,,,,,
2012,7,Finland,7.389,,,,,,,,,,,,,,,
2011,2,Finland,7.579,,,,,,,,,,,,,,,
2024,44,Guatemala,6.362,,,,,,,,,,,,,,,
2023,27,France,6.609,,,,,,,,,,,,,,,
2022,21,France,6.661,,,,,,,,,,,,,,,
2021,20,France,6.687,,,,,,,,,,,,,,,
2020,22,France,6.690,,,,,,,,,,,,,,,
2019,23,France,6.664,,,,,,,,,,,,,,,
2018,24,France,6.592,,,,,,,,,,,,,,,
2017,23,France,6.489,,,,,,,,,,,,,,,
2016,31,France,6.442,,,,,,,,,,,,,,,
2015,32,France,6.478,,,,,,,,,,,,,,,
2014,29,France,6.575,,,,,,,,,,,,,,,
2012,25,France,6.764,,,,,,,,,,,,,,,
2011,23,France,6.746,,,,,,,,,,,,,,,
2024,45,Chile,6.361,,,,,,,,,,,,,,,
2023,95,Gabon,5.106,,,,,,,,,,,,,,,
2022,94,Gabon,5.035,,,,,,,,,,,,,,,
2021,106,Gabon,4.958,,,,,,,,,,,,,,,
2020,113,Gabon,4.852,,,,,,,,,,,,,,,
2019,108,Gabon,4.829,,,,,,,,,,,,,,,
2018,104,Gabon,4.799,,,,,,,,,,,,,,,
2017,103,Gabon,4.758,,,,,,,,,,,,,,,
2016,118,Gabon,4.465,,,,,,,,,,,,,,,
2015,134,Gabon,4.121,,,,,,,,,,,,,,,
2014,143,Gabon,3.896,,,,,,,,,,,,,,,
2012,138,Gabon,4.114,,,,,,,,,,,,,,,
2024,46,Viet Nam,6.352,,,,,,,,,,,,,,,
2023,112,Gambia,4.485,,,,,,,,,,,,,,,
2022,119,Gambia,4.279,,,,,,,,,,,,,,,
2021,93,Gambia,5.164,,,,,,,,,,,,,,,
2020,99,Gambia,5.051,,,,,,,,,,,,,,,
2019,113,Gambia,4.751,,,,,,,,,,,,,,,
2018,120,Gambia,4.516,,,,,,,,,,,,,,,
2024,47,Nicaragua,6.330,,,,,,,,,,,,,,,
2023,91,Georgia,5.185,,,,,,,,,,,,,,,
2022,90,Georgia,5.109,,,,,,,,,,,,,,,
2021,105,Georgia,4.973,,,,,,,,,,,,,,,
2020,109,Georgia,4.891,,,,,,,,,,,,,,,
2019,117,Georgia,4.673,,,,,,,,,,,,,,,
2018,119,Georgia,4.519,,,,,,,,,,,,,,,
2017,128,Georgia,4.340,,,,,,,,,,,,,,,
2016,125,Georgia,4.286,,,,,,,,,,,,,,,
2015,126,Georgia,4.252,,,,,,,,,,,,,,,
2014,130,Georgia,4.297,,,,,,,,,,,,,,,
2012,134,Georgia,4.187,,,,,,,,,,,,,,,
2011,146,Georgia,3.892,,,,,,,,,,,,,,,
2024,48,Malta,6.316,,,,,,,,,,,,,,,
2023,24,Germany,6.719,,,,,,,,,,,,,,,
2022,16,Germany,6.892,,,,,,,,,,,,,,,
2021,14,Germany,7.034,,,,,,,,,,,,,,,
2020,14,Germany,7.155,,,,,,,,,,,,,,,
2019,17,Germany,7.076,,,,,,,,,,,,,,,
2018,17,Germany,6.985,,,,,,,,,,,,,,,
2017,15,Germany,6.965,,,,,,,,,,,,,,,
2016,16,Germany,6.951,,,,,,,,,,,,,,,
2015,16,Germany,6.994,,,,,,,,,,,,,,,
2014,26,Germany,6.750,,,,,,,,,,,,,,,
2012,26,Germany,6.672,,,,,,,,,,,,,,,
2011,30,Germany,6.572,,,,,,,,,,,,,,,
2024,49,Thailand,6.222,,,,,,,,,,,,,,,
2023,120,Ghana,4.289,,,,,,,,,,,,,,,
2022,107,Ghana,4.605,,,,,,,,,,,,,,,
2021,111,Ghana,4.872,,,,,,,,,,,,,,,
2020,96,Ghana,5.088,,,,,,,,,,,,,,,
2019,91,Ghana,5.148,,,,,,,,,,,,,,,
2018,98,Ghana,4.996,,,,,,,,,,,,,,,
2017,108,Ghana,4.657,,,,,,,,,,,,,,,
2016,131,Ghana,4.120,,,,,,,,,,,,,,,
2015,124,Ghana,4.276,,,,,,,,,,,,,,,
2014,114,Ghana,4.633,,,,,,,,,,,,,,,
2012,86,Ghana,5.091,,,,,,,,,,,,,,,
2011,108,Ghana,4.705,,,,,,,,,,,,,,,
2024,50,Slovakia,6.221,,,,,,,,,,,,,,,
2023,64,Greece,5.934,,,,,,,,,,,,,,,
2022,58,Greece,5.931,,,,,,,,,,,,,,,
2021,58,Greece,5.948,,,,,,,,,,,,,,,
2020,69,Greece,5.723,,,,,,,,,,,,,,,
2019,77,Greece,5.515,,,,,,,,,,,,,,,
2018,82,Greece,5.287,,,,,,,,,,,,,,,
2017,79,Greece,5.358,,,,,,,,,,,,,,,
2016,87,Greece,5.227,,,,,,,,,,,,,,,
2015,99,Greece,5.033,,,,,,,,,,,,,,,
2014,102,Greece,4.857,,,,,,,,,,,,,,,
2012,70,Greece,5.435,,,,,,,,,,,,,,,
2011,42,Greece,6.133,,,,,,,,,,,,,,,
2024,51,Latvia,6.207,,,,,,,,,,,,,,,
2023,42,Guatemala,6.287,,,,,,,,,,,,,,,
2022,43,Guatemala,6.150,,,,,,,,,,,,,,,
2021,39,Guatemala,6.262,,,,,,,,,,,,,,,
2020,31,Guatemala,6.435,,,,,,,,,,,,,,,
2019,29,Guatemala,6.399,,,,,,,,,,,,,,,
2018,27,Guatemala,6.436,,,,,,,,,,,,,,,
2017,30,Guatemala,6.382,,,,,,,,,,,,,,,
2016,29,Guatemala,6.454,,,,,,,,,,,,,,,
2015,39,Guatemala,6.324,,,,,,,,,,,,,,,
2014,43,Guatemala,6.123,,,,,,,,,,,,,,,
2012,47,Guatemala,5.965,,,,,,,,,,,,,,,
2011,37,Guatemala,6.277,,,,,,,,,,,,,,,
2024,52,Oman,6.197,,,,,,,,,,,,,,,
2023,97,Guinea,5.023,,,,,,,,,,,,,,,
2022,91,Guinea,5.072,,,,,,,,,,,,,,,
2021,109,Guinea,4.891,,,,,,,,,,,,,,,
2020,103,Guinea,4.984,,,,,,,,,,,,,,,
2019,102,Guinea,4.949,,,,,,,,,,,,,,,
2018,118,Guinea,4.534,,,,,,,,,,,,,,,
2017,140,Guinea,3.964,,,,,,,,,,,,,,,
2016,149,Guinea,3.507,,,,,,,,,,,,,,,
2015,151,Guinea,3.607,,,,,,,,,,,,,,,
2014,150,Guinea,3.656,,,,,,,,,,,,,,,
2012,150,Guinea,3.847,,,,,,,,,,,,,,,
2011,136,Guinea,4.171,,,,,,,,,,,,,,,
2011,45,Guyana,5.993,,,,,,,,,,,,,,,
2020,144,Haiti,3.615,,,,,,,,,,,,,,,
2019,142,Haiti,3.721,,,,,,,,,,,,,,,
2018,147,Haiti,3.597,,,,,,,,,,,,,,,
2017,148,Haiti,3.582,,,,,,,,,,,,,,,
2016,145,Haiti,3.603,,,,,,,,,,,,,,,
2015,136,Haiti,4.028,,,,,,,,,,,,,,,
2014,119,Haiti,4.518,,,,,,,,,,,,,,,
2012,126,Haiti,4.341,,,,,,,,,,,,,,,
2011,150,Haiti,3.789,,,,,,,,,,,,,,,
2024,53,Uzbekistan,6.193,,,,,,,,,,,,,,,
2023,61,Honduras,5.968,,,,,,,,,,,,,,,
2022,53,Honduras,6.023,,,,,,,,,,,,,,,
2021,55,Honduras,6.022,,,,,,,,,,,,,,,
2020,60,Honduras,5.919,,,,,,,,,,,,,,,
2019,56,Honduras,5.953,,,,,,,,,,,,,,,
2018,59,Honduras,5.860,,,,,,,,,,,,,,,
2017,72,Honduras,5.504,,,,,,,,,,,,,,,
2016,91,Honduras,5.181,,,,,,,,,,,,,,,
2015,104,Honduras,4.871,,,,,,,,,,,,,,,
2014,105,Honduras,4.788,,,,,,,,,,,,,,,
2012,84,Honduras,5.142,,,,,,,,,,,,,,,
2011,63,Honduras,5.564,,,,,,,,,,,,,,,
2024,54,Paraguay,6.172,,,,,,,,,,,,,,,
2023,86,Hong Kong SAR of China,5.316,,,,,,,,,,,,,,,
2022,82,Hong Kong SAR of China,5.308,,,,,,,,,,,,,,,
2021,81,Hong Kong SAR of China,5.425,,,,,,,,,,,,,,,
2020,78,Hong Kong SAR of China,5.477,,,,,,,,,,,,,,,
2019,78,Hong Kong SAR of China,5.510,,,,,,,,,,,,,,,
2018,76,Hong Kong SAR of China,5.430,,,,,,,,,,,,,,,
2017,76,Hong Kong SAR of China,5.430,,,,,,,,,,,,,,,
2016,71,Hong Kong SAR of China,5.472,,,,,,,,,,,,,,,
2015,75,Hong Kong SAR of China,5.458,,,,,,,,,,,,,,,
2014,72,Hong Kong SAR of China,5.474,,,,,,,,,,,,,,,
2012,64,Hong Kong SAR of China,5.523,,,,,,,,,,,,,,,
2011,67,Hong Kong SAR of China,5.424,,,,,,,,,,,,,,,
2024,55,Japan,6.147,,,,,,,,,,,,,,,
2023,56,Hungary,6.017,,,,,,,,,,,,,,,
2022,51,Hungary,6.041,,,,,,,,,,,,,,,
2021,51,Hungary,6.086,,,,,,,,,,,,,,,
2020,54,Hungary,5.992,,,,,,,,,,,,,,,
2019,53,Hungary,6.000,,,,,,,,,,,,,,,
2018,62,Hungary,5.758,,,,,,,,,,,,,,,
2017,69,Hungary,5.620,,,,,,,,,,,,,,,
2016,75,Hungary,5.324,,,,,,,,,,,,,,,
2015,91,Hungary,5.145,,,,,,,,,,,,,,,
2014,104,Hungary,4.800,,,,,,,,,,,,,,,
2012,110,Hungary,4.775,,,,,,,,,,,,,,,
2011,96,Hungary,4.943,,,,,,,,,,,,,,,
2024,56,Bosnia and Herzegovina,6.136,,,,,,,,,,,,,,,
2023,3,Iceland,7.525,,,,,,,,,,,,,,,
2022,3,Iceland,7.530,,,,,,,,,,,,,,,
2021,3,Iceland,7.557,,,,,,,,,,,,,,,
2020,5,Iceland,7.554,,,,,,,,,,,,,,,
2019,4,Iceland,7.504,,,,,,,,,,,,,,,
2018,4,Iceland,7.494,,,,,,,,,,,,,,,
2017,4,Iceland,7.495,,,,,,,,,,,,,,,
2016,3,Iceland,7.504,,,,,,,,,,,,,,,
2015,3,Iceland,7.501,,,,,,,,,,,,,,,
2014,2,Iceland,7.561,,,,,,,,,,,,,,,
2012,9,Iceland,7.355,,,,,,,,,,,,,,,
2011,20,Iceland,6.888,,,,,,,,,,,,,,,
2024,57,Philippines,6.107,,,,,,,,,,,,,,,
2023,126,India,4.054,,,,,,,,,,,,,,,
2022,126,India,4.036,,,,,,,,,,,,,,,
2021,136,India,3.777,,,,,,,,,,,,,,,
2020,140,India,3.819,,,,,,,,,,,,,,,
2019,144,India,3.573,,,,,,,,,,,,,,,
2018,140,India,4.015,,,,,,,,,,,,,,,
2017,133,India,4.190,,,,,,,,,,,,,,,
2016,122,India,4.315,,,,,,,,,,,,,,,
2015,118,India,4.404,,,,,,,,,,,,,,,
2014,117,India,4.565,,,,,,,,,,,,,,,
2012,111,India,4.772,,,,,,,,,,,,,,,
2011,94,India,4.975,,,,,,,,,,,,,,,
2024,58,Republic of Korea,6.038,,,,,,,,,,,,,,,
2023,80,Indonesia,5.568,,,,,,,,,,,,,,,
2022,84,Indonesia,5.277,,,,,,,,,,,,,,,
2021,87,Indonesia,5.240,,,,,,,,,,,,,,,
2020,83,Indonesia,5.345,,,,,,,,,,,,,,,
2019,84,Indonesia,5.286,,,,,,,,,,,,,,,
2018,92,Indonesia,5.192,,,,,,,,,,,,,,,
2017,96,Indonesia,5.093,,,,,,,,,,,,,,,
2016,81,Indonesia,5.262,,,,,,,,,,,,,,,
2015,79,Indonesia,5.314,,,,,,,,,,,,,,,
2014,74,Indonesia,5.399,,,,,,,,,,,,,,,
2012,76,Indonesia,5.348,,,,,,,,,,,,,,,
2011,83,Indonesia,5.159,,,,,,,,,,,,,,,
2024,59,Bahrain,6.030,,,,,,,,,,,,,,,
2023,100,Iran,4.923,,,,,,,,,,,,,,,
2022,101,Iran,4.876,,,,,,,,,,,,,,,
2021,110,Iran,4.888,,,,,,,,,,,,,,,
2020,119,Iran,4.721,,,,,,,,,,,,,,,
2019,118,Iran,4.672,,,,,,,,,,,,,,,
2018,117,Iran,4.548,,,,,,,,,,,,,,,
2017,106,Iran,4.707,,,,,,,,,,,,,,,
2016,108,Iran,4.692,,,,,,,,,,,,,,,
2015,105,Iran,4.813,,,,,,,,,,,,,,,
2014,110,Iran,4.686,,,,,,,,,,,,,,,
2012,115,Iran,4.643,,,,,,,,,,,,,,,
2011,84,Iran,5.149,,,,,,,,,,,,,,,
2024,60,Portugal,6.013,,,,,,,,,,,,,,,
2023,92,Iraq,5.166,,,,,,,,,,,,,,,
2022,98,Iraq,4.941,,,,,,,,,,,,,,,
2021,107,Iraq,4.941,,,,,,,,,,,,,,,
2020,112,Iraq,4.854,,,,,,,,,,,,,,,
2019,110,Iraq,4.785,,,,,,,,,,,,,,,
2018,126,Iraq,4.437,,,,,,,,,,,,,,,
2017,117,Iraq,4.456,,,,,,,,,,,,,,,
2016,117,Iraq,4.497,,,,,,,,,,,,,,,
2015,112,Iraq,4.575,,,,,,,,,,,,,,,
2014,112,Iraq,4.677,,,,,,,,,,,,,,,
2012,105,Iraq,4.817,,,,,,,,,,,,,,,
2011,98,Iraq,4.882,,,,,,,,,,,,,,,
2024,61,Colombia,6.004,,,,,,,,,,,,,,,
2023,17,Ireland,6.838,,,,,,,,,,,,,,,
2022,14,Ireland,6.911,,,,,,,,,,,,,,,
2021,13,Ireland,7.041,,,,,,,,,,,,,,,
2020,16,Ireland,7.085,,,,,,,,,,,,,,,
2019,16,Ireland,7.094,,,,,,,,,,,,,,,
2018,16,Ireland,7.021,,,,,,,,,,,,,,,
2017,14,Ireland,6.977,,,,,,,,,,,,,,,
2016,15,Ireland,6.977,,,,,,,,,,,,,,,
2015,19,Ireland,6.907,,,,,,,,,,,,,,,
2014,18,Ireland,6.940,,,,,,,,,,,,,,,
2012,18,Ireland,7.076,,,,,,,,,,,,,,,
2011,10,Ireland,7.284,,,,,,,,,,,,,,,
2024,62,Ecuador,5.965,,,,,,,,,,,,,,,
2023,5,Israel,7.341,,,,,,,,,,,,,,,
2022,4,Israel,7.473,,,,,,,,,,,,,,,
2021,9,Israel,7.364,,,,,,,,,,,,,,,
2020,13,Israel,7.157,,,,,,,,,,,,,,,
2019,14,Israel,7.129,,,,,,,,,,,,,,,
2018,13,Israel,7.139,,,,,,,,,,,,,,,
2017,11,Israel,7.190,,,,,,,,,,,,,,,
2016,11,Israel,7.213,,,,,,,,,,,,,,,
2015,11,Israel,7.267,,,,,,,,,,,,,,,
2014,11,Israel,7.278,,,,,,,,,,,,,,,
2012,11,Israel,7.301,,,,,,,,,,,,,,,
2011,14,Israel,7.199,,,,,,,,,,,,,,,
2024,63,Honduras,5.964,,,,,,,,,,,,,,,
2023,41,Italy,6.324,,,,,,,,,,,,,,,
2022,33,Italy,6.405,,,,,,,,,,,,,,,
2021,31,Italy,6.467,,,,,,,,,,,,,,,
2020,29,Italy,6.483,,,,,,,,,,,,,,,
2019,30,Italy,6.387,,,,,,,,,,,,,,,
2018,36,Italy,6.223,,,,,,,,,,,,,,,
2017,47,Italy,6.000,,,,,,,,,,,,,,,
2016,48,Italy,5.964,,,,,,,,,,,,,,,
2015,50,Italy,5.977,,,,,,,,,,,,,,,
2014,50,Italy,5.948,,,,,,,,,,,,,,,
2012,45,Italy,6.021,,,,,,,,,,,,,,,
2011,28,Italy,6.578,,,,,,,,,,,,,,,
2024,64,Malaysia,5.955,,,,,,,,,,,,,,,
2023,67,Jamaica,5.842,,,,,,,,,,,,,,,
2022,68,Jamaica,5.703,,,,,,,,,,,,,,,
2021,63,Jamaica,5.850,,,,,,,,,,,,,,,
2020,38,Jamaica,6.309,,,,,,,,,,,,,,,
2019,60,Jamaica,5.890,,,,,,,,,,,,,,,
2018,56,Jamaica,5.890,,,,,,,,,,,,,,,
2017,56,Jamaica,5.890,,,,,,,,,,,,,,,
2016,76,Jamaica,5.311,,,,,,,,,,,,,,,
2015,73,Jamaica,5.510,,,,,,,,,,,,,,,
2014,65,Jamaica,5.709,,,,,,,,,,,,,,,
2012,75,Jamaica,5.374,,,,,,,,,,,,,,,
2011,40,Jamaica,6.208,,,,,,,,,,,,,,,
2024,65,Peru,5.947,,,,,,,,,,,,,,,
2023,51,Japan,6.060,,,,,,,,,,,,,,,
2022,47,Japan,6.129,,,,,,,,,,,,,,,
2021,54,Japan,6.039,,,,,,,,,,,,,,,
2020,57,Japan,5.940,,,,,,,,,,,,,,,
2019,62,Japan,5.871,,,,,,,,,,,,,,,
2018,58,Japan,5.886,,,,,,,,,,,,,,,
2017,54,Japan,5.915,,,,,,,,,,,,,,,
2016,51,Japan,5.920,,,,,,,,,,,,,,,
2015,53,Japan,5.921,,,,,,,,,,,,,,,
2014,46,Japan,5.987,,,,,,,,,,,,,,,
2012,43,Japan,6.064,,,,,,,,,,,,,,,
2011,44,Japan,6.059,,,,,,,,,,,,,,,
2024,66,Russian Federation,5.945,,,,,,,,,,,,,,,
2023,125,Jordan,4.186,,,,,,,,,,,,,,,
2022,123,Jordan,4.120,,,,,,,,,,,,,,,
2021,134,Jordan,4.152,,,,,,,,,,,,,,,
2020,128,Jordan,4.395,,,,,,,,,,,,,,,
2019,119,Jordan,4.633,,,,,,,,,,,,,,,
2018,101,Jordan,4.906,,,,,,,,,,,,,,,
2017,90,Jordan,5.161,,,,,,,,,,,,,,,
2016,74,Jordan,5.336,,,,,,,,,,,,,,,
2015,80,Jordan,5.303,,,,,,,,,,,,,,,
2014,82,Jordan,5.192,,,,,,,,,,,,,,,
2012,74,Jordan,5.414,,,,,,,,,,,,,,,
2011,54,Jordan,5.706,,,,,,,,,,,,,,,
2024,67,Cyprus,5.942,,,,,,,,,,,,,,,
2023,49,Kazakhstan,6.188,,,,,,,,,,,,,,,
2022,44,Kazakhstan,6.144,,,,,,,,,,,,,,,
2021,40,Kazakhstan,6.234,,,,,,,,,,,,,,,
2020,46,Kazakhstan,6.152,,,,,,,,,,,,,,,
2019,50,Kazakhstan,6.058,,,,,,,,,,,,,,,
2018,60,Kazakhstan,5.809,,,,,,,,,,,,,,,
2017,60,Kazakhstan,5.790,,,,,,,,,,,,,,,
2016,60,Kazakhstan,5.819,,,,,,,,,,,,,,,
2015,54,Kazakhstan,5.919,,,,,,,,,,,,,,,
2014,54,Kazakhstan,5.855,,,,,,,,,,,,,,,
2012,57,Kazakhstan,5.671,,,,,,,,,,,,,,,
2011,59,Kazakhstan,5.594,,,,,,,,,,,,,,,
2024,68,China,5.921,,,,,,,,,,,,,,,
2023,114,Kenya,4.470,,,,,,,,,,,,,,,
2022,111,Kenya,4.487,,,,,,,,,,,,,,,
2021,119,Kenya,4.543,,,,,,,,,,,,,,,
2020,122,Kenya,4.607,,,,,,,,,,,,,,,
2019,121,Kenya,4.583,,,,,,,,,,,,,,,
2018,121,Kenya,4.509,,,,,,,,,,,,,,,
2017,124,Kenya,4.410,,,,,,,,,,,,,,,
2016,112,Kenya,4.553,,,,,,,,,,,,,,,
2015,122,Kenya,4.356,,,,,,,,,,,,,,,
2014,125,Kenya,4.419,,,,,,,,,,,,,,,
2012,123,Kenya,4.403,,,,,,,,,,,,,,,
2011,134,Kenya,4.180,,,,,,,,,,,,,,,
2024,69,Hungary,5.915,,,,,,,,,,,,,,,
2023,29,Kosovo,6.561,,,,,,,,,,,,,,,
2022,34,Kosovo,6.368,,,,,,,,,,,,,,,
2021,32,Kosovo,6.455,,,,,,,,,,,,,,,
2020,34,Kosovo,6.372,,,,,,,,,,,,,,,
2019,35,Kosovo,6.325,,,,,,,,,,,,,,,
2018,46,Kosovo,6.100,,,,,,,,,,,,,,,
2017,66,Kosovo,5.662,,,,,,,,,,,,,,,
2016,78,Kosovo,5.279,,,,,,,,,,,,,,,
2015,77,Kosovo,5.401,,,,,,,,,,,,,,,
2014,69,Kosovo,5.589,,,,,,,,,,,,,,,
2012,83,Kosovo,5.222,,,,,,,,,,,,,,,
2011,68,Kosovo,5.420,,,,,,,,,,,,,,,
2024,70,Trinidad and Tobago,5.905,,,,,,,,,,,,,,,
2023,13,Kuwait,6.951,,,,,,,,,,,,,,,
2021,50,Kuwait,6.106,,,,,,,,,,,,,,,
2020,48,Kuwait,6.106,,,,,,,,,,,,,,,
2019,48,Kuwait,6.102,,,,,,,,,,,,,,,
2018,51,Kuwait,6.021,,,,,,,,,,,,,,,
2017,45,Kuwait,6.083,,,,,,,,,,,,,,,
2016,39,Kuwait,6.105,,,,,,,,,,,,,,,
2015,41,Kuwait,6.239,,,,,,,,,,,,,,,
2014,39,Kuwait,6.295,,,,,,,,,,,,,,,
2012,32,Kuwait,6.515,,,,,,,,,,,,,,,
2011,29,Kuwait,6.574,,,,,,,,,,,,,,,
2024,71,Montenegro,5.877,,,,,,,,,,,,,,,
2023,75,Kyrgyzstan,5.714,,,,,,,,,,,,,,,
2022,62,Kyrgyzstan,5.825,,,,,,,,,,,,,,,
2021,64,Kyrgyzstan,5.828,,,,,,,,,,,,,,,
2020,68,Kyrgyzstan,5.744,,,,,,,,,,,,,,,
2019,74,Kyrgyzstan,5.542,,,,,,,,,,,,,,,
2018,86,Kyrgyzstan,5.261,,,,,,,,,,,,,,,
2017,92,Kyrgyzstan,5.131,,,,,,,,,,,,,,,
2016,98,Kyrgyzstan,5.004,,,,,,,,,,,,,,,
2015,85,Kyrgyzstan,5.185,,,,,,,,,,,,,,,
2014,77,Kyrgyzstan,5.286,,,,,,,,,,,,,,,
2012,89,Kyrgyzstan,5.042,,,,,,,,,,,,,,,
2011,102,Kyrgyzstan,4.828,,,,,,,,,,,,,,,
2024,72,Croatia,5.870,,,,,,,,,,,,,,,
2023,94,Lao PDR,5.139,,,,,,,,,,,,,,,
2022,89,Lao PDR,5.111,,,,,,,,,,,,,,,
2021,95,Lao PDR,5.140,,,,,,,,,,,,,,,
2020,101,Lao PDR,5.030,,,,,,,,,,,,,,,
2019,104,Lao PDR,4.889,,,,,,,,,,,,,,,
2018,105,Lao PDR,4.796,,,,,,,,,,,,,,,
2017,110,Lao PDR,4.623,,,,,,,,,,,,,,,
2015,102,Lao PDR,4.876,,,,,,,,,,,,,,,
2014,99,Lao PDR,4.876,,,,,,,,,,,,,,,
2012,109,Lao PDR,4.787,,,,,,,,,,,,,,,
2011,82,Lao PDR,5.161,,,,,,,,,,,,,,,
2024,73,Jamaica,5.870,,,,,,,,,,,,,,,
2023,46,Latvia,6.234,,,,,,,,,,,,,,,
2022,41,Latvia,6.213,,,,,,,,,,,,,,,
2021,42,Latvia,6.180,,,,,,,,,,,,,,,
2020,52,Latvia,6.032,,,,,,,,,,,,,,,
2019,57,Latvia,5.950,,,,,,,,,,,,,,,
2018,53,Latvia,5.940,,,,,,,,,,,,,,,
2017,53,Latvia,5.933,,,,,,,,,,,,,,,
2016,54,Latvia,5.850,,,,,,,,,,,,,,,
2015,68,Latvia,5.560,,,,,,,,,,,,,,,
2014,89,Latvia,5.098,,,,,,,,,,,,,,,
2012,88,Latvia,5.046,,,,,,,,,,,,,,,
2011,106,Latvia,4.762,,,,,,,,,,,,,,,
2024,74,Bolivia,5.868,,,,,,,,,,,,,,,
2023,142,Lebanon,2.707,,,,,,,,,,,,,,,
2022,136,Lebanon,2.392,,,,,,,,,,,,,,,
2021,145,Lebanon,2.955,,,,,,,,,,,,,,,
2020,124,Lebanon,4.584,,,,,,,,,,,,,,,
2019,111,Lebanon,4.772,,,,,,,,,,,,,,,
2018,91,Lebanon,5.197,,,,,,,,,,,,,,,
2017,88,Lebanon,5.199,,,,,,,,,,,,,,,
2016,88,Lebanon,5.225,,,,,,,,,,,,,,,
2015,93,Lebanon,5.129,,,,,,,,,,,,,,,
2014,103,Lebanon,4.839,,,,,,,,,,,,,,,
2012,97,Lebanon,4.931,,,,,,,,,,,,,,,
2011,92,Lebanon,5.049,,,,,,,,,,,,,,,
2024,75,Kyrgyzstan,5.858,,,,,,,,,,,,,,,
2023,141,Lesotho,3.186,,,,,,,,,,,,,,,
2021,141,Lesotho,3.512,,,,,,,,,,,,,,,
2020,146,Lesotho,3.512,,,,,,,,,,,,,,,
2019,143,Lesotho,3.653,,,,,,,,,,,,,,,
2018,144,Lesotho,3.802,,,,,,,,,,,,,,,
2017,141,Lesotho,3.808,,,,,,,,,,,,,,,
2016,139,Lesotho,3.808,,,,,,,,,,,,,,,
2014,97,Lesotho,4.898,,,,,,,,,,,,,,,
2012,98,Lesotho,4.898,,,,,,,,,,,,,,,
2024,76,Dominican Republic,5.846,,,,,,,,,,,,,,,
2023,121,Liberia,4.269,,,,,,,,,,,,,,,
2022,125,Liberia,4.042,,,,,,,,,,,,,,,
2021,97,Liberia,5.122,,,,,,,,,,,,,,,
2020,121,Liberia,4.625,,,,,,,,,,,,,,,
2019,124,Liberia,4.558,,,,,,,,,,,,,,,
2018,141,Liberia,3.975,,,,,,,,,,,,,,,
2017,149,Liberia,3.495,,,,,,,,,,,,,,,
2016,148,Liberia,3.533,,,,,,,,,,,,,,,
2015,150,Liberia,3.622,,,,,,,,,,,,,,,
2014,116,Liberia,4.571,,,,,,,,,,,,,,,
2012,133,Liberia,4.196,,,,,,,,,,,,,,,
2011,140,Liberia,4.040,,,,,,,,,,,,,,,
2024,77,Mongolia,5.833,,,,,,,,,,,,,,,
2023,66,Libya,5.866,,,,,,,,,,,,,,,
2021,86,Libya,5.330,,,,,,,,,,,,,,,
2020,81,Libya,5.410,,,,,,,,,,,,,,,
2019,80,Libya,5.489,,,,,,,,,,,,,,,
2018,72,Libya,5.525,,,,,,,,,,,,,,,
2017,70,Libya,5.566,,,,,,,,,,,,,,,
2016,68,Libya,5.525,,,,,,,,,,,,,,,
2015,67,Libya,5.615,,,,,,,,,,,,,,,
2014,63,Libya,5.754,,,,,,,,,,,,,,,
2012,78,Libya,5.340,,,,,,,,,,,,,,,
2011,81,Libya,5.178,,,,,,,,,,,,,,,
2024,78,Mauritius,5.832,,,,,,,,,,,,,,,
2023,19,Lithuania,6.818,,,,,,,,,,,,,,,
2022,20,Lithuania,6.763,,,,,,,,,,,,,,,
2021,34,Lithuania,6.446,,,,,,,,,,,,,,,
2020,39,Lithuania,6.255,,,,,,,,,,,,,,,
2019,41,Lithuania,6.215,,,,,,,,,,,,,,,
2018,42,Lithuania,6.149,,,,,,,,,,,,,,,
2017,50,Lithuania,5.952,,,,,,,,,,,,,,,
2016,52,Lithuania,5.902,,,,,,,,,,,,,,,
2015,60,Lithuania,5.813,,,,,,,,,,,,,,,
2014,56,Lithuania,5.833,,,,,,,,,,,,,,,
2012,71,Lithuania,5.426,,,,,,,,,,,,,,,
2011,60,Lithuania,5.588,,,,,,,,,,,,,,,
2024,79,Libya,5.820,,,,,,,,,,,,,,,
2023,8,Luxembourg,7.122,,,,,,,,,,,,,,,
2022,9,Luxembourg,7.228,,,,,,,,,,,,,,,
2021,6,Luxembourg,7.404,,,,,,,,,,,,,,,
2020,9,Luxembourg,7.324,,,,,,,,,,,,,,,
2019,10,Luxembourg,7.238,,,,,,,,,,,,,,,
2018,14,Luxembourg,7.090,,,,,,,,,,,,,,,
2017,17,Luxembourg,6.910,,,,,,,,,,,,,,,
2016,18,Luxembourg,6.863,,,,,,,,,,,,,,,
2015,20,Luxembourg,6.871,,,,,,,,,,,,,,,
2014,17,Luxembourg,6.946,,,,,,,,,,,,,,,
2012,19,Luxembourg,7.054,,,,,,,,,,,,,,,
2011,16,Luxembourg,7.051,,,,,,,,,,,,,,,
2019,90,Macedonia,5.160,,,,,,,,,,,,,,,
2024,80,Republic of Moldova,5.819,,,,,,,,,,,,,,,
2023,123,Madagascar,4.228,,,,,,,,,,,,,,,
2022,127,Madagascar,4.019,,,,,,,,,,,,,,,
2021,128,Madagascar,4.339,,,,,,,,,,,,,,,
2020,136,Madagascar,4.208,,,,,,,,,,,,,,,
2019,137,Madagascar,4.166,,,,,,,,,,,,,,,
2018,143,Madagascar,3.933,,,,,,,,,,,,,,,
2017,143,Madagascar,3.774,,,,,,,,,,,,,,,
2016,144,Madagascar,3.644,,,,,,,,,,,,,,,
2015,148,Madagascar,3.695,,,,,,,,,,,,,,,
2014,147,Madagascar,3.681,,,,,,,,,,,,,,,
2012,146,Madagascar,3.966,,,,,,,,,,,,,,,
2011,129,Madagascar,4.309,,,,,,,,,,,,,,,
2024,81,Greece,5.776,,,,,,,,,,,,,,,
2023,136,Malawi,3.421,,,,,,,,,,,,,,,
2022,131,Malawi,3.495,,,,,,,,,,,,,,,
2021,138,Malawi,3.750,,,,,,,,,,,,,,,
2020,145,Malawi,3.600,,,,,,,,,,,,,,,
2019,145,Malawi,3.538,,,,,,,,,,,,,,,
2018,150,Malawi,3.410,,,,,,,,,,,,,,,
2017,147,Malawi,3.587,,,,,,,,,,,,,,,
2016,136,Malawi,3.970,,,,,,,,,,,,,,,
2015,132,Malawi,4.156,,,,,,,,,,,,,,,
2014,131,Malawi,4.292,,,,,,,,,,,,,,,
2012,139,Malawi,4.113,,,,,,,,,,,,,,,
2011,114,Malawi,4.624,,,,,,,,,,,,,,,
2024,82,Venezuela,5.683,,,,,,,,,,,,,,,
2023,59,Malaysia,5.975,,,,,,,,,,,,,,,
2022,55,Malaysia,6.012,,,,,,,,,,,,,,,
2021,70,Malaysia,5.711,,,,,,,,,,,,,,,
2020,82,Malaysia,5.384,,,,,,,,,,,,,,,
2019,82,Malaysia,5.384,,,,,,,,,,,,,,,
2018,80,Malaysia,5.339,,,,,,,,,,,,,,,
2017,35,Malaysia,6.322,,,,,,,,,,,,,,,
2016,42,Malaysia,6.084,,,,,,,,,,,,,,,
2015,47,Malaysia,6.005,,,,,,,,,,,,,,,
2014,61,Malaysia,5.770,,,,,,,,,,,,,,,
2012,56,Malaysia,5.760,,,,,,,,,,,,,,,
2011,51,Malaysia,5.823,,,,,,,,,,,,,,,
2020,90,Maldives,5.198,,,,,,,,,,,,,,,
2019,87,Maldives,5.198,,,,,,,,,,,,,,,
2024,83,Indonesia,5.617,,,,,,,,,,,,,,,
2023,122,Mali,4.232,,,,,,,,,,,,,,,
2022,120,Mali,4.198,,,,,,,,,,,,,,,
2021,123,Mali,4.479,,,,,,,,,,,,,,,
2020,118,Mali,4.723,,,,,,,,,,,,,,,
2019,114,Mali,4.729,,,,,,,,,,,,,,,
2018,128,Mali,4.390,,,,,,,,,,,,,,,
2017,118,Mali,4.447,,,,,,,,,,,,,,,
2016,127,Mali,4.190,,,,,,,,,,,,,,,
2015,135,Mali,4.073,,,,,,,,,,,,,,,
2014,138,Mali,3.995,,,,,,,,,,,,,,,
2012,132,Mali,4.247,,,,,,,,,,,,,,,
2011,143,Mali,3.967,,,,,,,,,,,,,,,
2024,84,Algeria,5.571,,,,,,,,,,,,,,,
2023,40,Malta,6.346,,,,,,,,,,,,,,,
2022,37,Malta,6.300,,,,,,,,,,,,,,,
2021,33,Malta,6.447,,,,,,,,,,,,,,,
2020,24,Malta,6.602,,,,,,,,,,,,,,,
2019,22,Malta,6.773,,,,,,,,,,,,,,,
2018,22,Malta,6.726,,,,,,,,,,,,,,,
2017,22,Malta,6.627,,,,,,,,,,,,,,,
2016,27,Malta,6.527,,,,,,,,,,,,,,,
2015,30,Malta,6.488,,,,,,,,,,,,,,,
2014,37,Malta,6.302,,,,,,,,,,,,,,,
2012,48,Malta,5.964,,,,,,,,,,,,,,,
2011,47,Malta,5.960,,,,,,,,,,,,,,,
2024,85,Bulgaria,5.554,,,,,,,,,,,,,,,
2023,111,Mauritania,4.505,,,,,,,,,,,,,,,
2022,103,Mauritania,4.724,,,,,,,,,,,,,,,
2021,133,Mauritania,4.153,,,,,,,,,,,,,,,
2020,135,Mauritania,4.227,,,,,,,,,,,,,,,
2019,129,Mauritania,4.375,,,,,,,,,,,,,,,
2018,122,Mauritania,4.490,,,,,,,,,,,,,,,
2017,126,Mauritania,4.356,,,,,,,,,,,,,,,
2016,123,Mauritania,4.292,,,,,,,,,,,,,,,
2015,130,Mauritania,4.201,,,,,,,,,,,,,,,
2014,124,Mauritania,4.436,,,,,,,,,,,,,,,
2012,112,Mauritania,4.758,,,,,,,,,,,,,,,
2011,113,Mauritania,4.643,,,,,,,,,,,,,,,
2024,86,North Macedonia,5.503,,,,,,,,,,,,,,,
2023,70,Mauritius,5.816,,,,,,,,,,,,,,,
2022,59,Mauritius,5.902,,,,,,,,,,,,,,,
2021,52,Mauritius,6.071,,,,,,,,,,,,,,,
2020,51,Mauritius,6.049,,,,,,,,,,,,,,,
2019,49,Mauritius,6.101,,,,,,,,,,,,,,,
2018,57,Mauritius,5.888,,,,,,,,,,,,,,,
2017,55,Mauritius,5.891,,,,,,,,,,,,,,,
2016,64,Mauritius,5.629,,,,,,,,,,,,,,,
2015,66,Mauritius,5.648,,,,,,,,,,,,,,,
2014,71,Mauritius,5.477,,,,,,,,,,,,,,,
2012,67,Mauritius,5.477,,,,,,,,,,,,,,,
2011,64,Mauritius,5.477,,,,,,,,,,,,,,,
2024,87,Armenia,5.494,,,,,,,,,,,,,,,
2023,25,Mexico,6.678,,,,,,,,,,,,,,,
2022,36,Mexico,6.330,,,,,,,,,,,,,,,
2021,46,Mexico,6.128,,,,,,,,,,,,,,,
2020,37,Mexico,6.317,,,,,,,,,,,,,,,
2019,24,Mexico,6.465,,,,,,,,,,,,,,,
2018,23,Mexico,6.595,,,,,,,,,,,,,,,
2017,24,Mexico,6.488,,,,,,,,,,,,,,,
2016,25,Mexico,6.578,,,,,,,,,,,,,,,
2015,21,Mexico,6.778,,,,,,,,,,,,,,,
2014,14,Mexico,7.187,,,,,,,,,,,,,,,
2012,16,Mexico,7.088,,,,,,,,,,,,,,,
2011,24,Mexico,6.740,,,,,,,,,,,,,,,
2024,88,Hong Kong SAR of China,5.491,,,,,,,,,,,,,,,
2023,77,Mongolia,5.696,,,,,,,,,,,,,,,
2022,61,Mongolia,5.840,,,,,,,,,,,,,,,
2021,68,Mongolia,5.761,,,,,,,,,,,,,,,
2020,71,Mongolia,5.677,,,,,,,,,,,,,,,
2019,81,Mongolia,5.456,,,,,,,,,,,,,,,
2018,83,Mongolia,5.285,,,,,,,,,,,,,,,
2017,94,Mongolia,5.125,,,,,,,,,,,,,,,
2016,100,Mongolia,4.955,,,,,,,,,,,,,,,
2015,101,Mongolia,4.907,,,,,,,,,,,,,,,
2014,100,Mongolia,4.874,,,,,,,,,,,,,,,
2012,102,Mongolia,4.834,,,,,,,,,,,,,,,
2011,119,Mongolia,4.562,,,,,,,,,,,,,,,
2024,89,Albania,5.411,,,,,,,,,,,,,,,
2023,76,Montenegro,5.707,,,,,,,,,,,,,,,
2022,67,Montenegro,5.722,,,,,,,,,,,,,,,
2021,75,Montenegro,5.547,,,,,,,,,,,,,,,
2020,73,Montenegro,5.581,,,,,,,,,,,,,,,
2019,72,Montenegro,5.546,,,,,,,,,,,,,,,
2018,73,Montenegro,5.523,,,,,,,,,,,,,,,
2017,81,Montenegro,5.347,,,,,,,,,,,,,,,
2016,83,Montenegro,5.237,,,,,,,,,,,,,,,
2015,88,Montenegro,5.161,,,,,,,,,,,,,,,
2014,83,Montenegro,5.192,,,,,,,,,,,,,,,
2012,80,Montenegro,5.299,,,,,,,,,,,,,,,
2011,86,Montenegro,5.147,,,,,,,,,,,,,,,
2024,90,Tajikistan,5.411,,,,,,,,,,,,,,,
2023,107,Morocco,4.795,,,,,,,,,,,,,,,
2022,100,Morocco,4.903,,,,,,,,,,,,,,,
2021,100,Morocco,5.060,,,,,,,,,,,,,,,
2020,107,Morocco,4.918,,,,,,,,,,,,,,,
2019,97,Morocco,5.095,,,,,,,,,,,,,,,
2018,89,Morocco,5.208,,,,,,,,,,,,,,,
2017,85,Morocco,5.254,,,,,,,,,,,,,,,
2016,84,Morocco,5.235,,,,,,,,,,,,,,,
2015,90,Morocco,5.151,,,,,,,,,,,,,,,
2014,92,Morocco,5.013,,,,,,,,,,,,,,,
2012,99,Morocco,4.885,,,,,,,,,,,,,,,
2011,105,Morocco,4.793,,,,,,,,,,,,,,,
2024,91,Georgia,5.400,,,,,,,,,,,,,,,
2023,90,Mozambique,5.216,,,,,,,,,,,,,,,
2022,97,Mozambique,4.954,,,,,,,,,,,,,,,
2021,101,Mozambique,5.048,,,,,,,,,,,,,,,
2020,116,Mozambique,4.794,,,,,,,,,,,,,,,
2019,120,Mozambique,4.624,,,,,,,,,,,,,,,
2018,123,Mozambique,4.466,,,,,,,,,,,,,,,
2017,123,Mozambique,4.417,,,,,,,,,,,,,,,
2016,113,Mozambique,4.550,,,,,,,,,,,,,,,
2014,94,Mozambique,4.971,,,,,,,,,,,,,,,
2012,94,Mozambique,4.971,,,,,,,,,,,,,,,
2011,110,Mozambique,4.693,,,,,,,,,,,,,,,
2024,92,Nepal,5.311,,,,,,,,,,,,,,,
2023,118,Myanmar,4.354,,,,,,,,,,,,,,,
2022,117,Myanmar,4.372,,,,,,,,,,,,,,,
2021,126,Myanmar,4.394,,,,,,,,,,,,,,,
2020,127,Myanmar,4.426,,,,,,,,,,,,,,,
2019,133,Myanmar,4.308,,,,,,,,,,,,,,,
2018,131,Myanmar,4.360,,,,,,,,,,,,,,,
2017,130,Myanmar,4.308,,,,,,,,,,,,,,,
2016,114,Myanmar,4.545,,,,,,,,,,,,,,,
2015,119,Myanmar,4.395,,,,,,,,,,,,,,,
2014,129,Myanmar,4.307,,,,,,,,,,,,,,,
2012,121,Myanmar,4.439,,,,,,,,,,,,,,,
2011,74,Myanmar,5.322,,,,,,,,,,,,,,,
2024,93,Lao PDR,5.301,,,,,,,,,,,,,,,
2023,106,Namibia,4.832,,,,,,,,,,,,,,,
2022,105,Namibia,4.631,,,,,,,,,,,,,,,
2021,124,Namibia,4.459,,,,,,,,,,,,,,,
2020,125,Namibia,4.574,,,,,,,,,,,,,,,
2019,122,Namibia,4.571,,,,,,,,,,,,,,,
2018,113,Namibia,4.639,,,,,,,,,,,,,,,
2017,119,Namibia,4.441,,,,,,,,,,,,,,,
2016,111,Namibia,4.574,,,,,,,,,,,,,,,
2015,113,Namibia,4.574,,,,,,,,,,,,,,,
2011,97,Namibia,4.886,,,,,,,,,,,,,,,
2024,94,TÅrkiye,5.262,,,,,,,,,,,,,,,
2023,93,Nepal,5.158,,,,,,,,,,,,,,,
2022,78,Nepal,5.360,,,,,,,,,,,,,,,
2021,84,Nepal,5.377,,,,,,,,,,,,,,,
2020,88,Nepal,5.269,,,,,,,,,,,,,,,
2019,92,Nepal,5.137,,,,,,,,,,,,,,,
2018,100,Nepal,4.913,,,,,,,,,,,,,,,
2017,101,Nepal,4.880,,,,,,,,,,,,,,,
2016,99,Nepal,4.962,,,,,,,,,,,,,,,
2015,107,Nepal,4.793,,,,,,,,,,,,,,,
2014,121,Nepal,4.514,,,,,,,,,,,,,,,
2012,135,Nepal,4.156,,,,,,,,,,,,,,,
2011,121,Nepal,4.474,,,,,,,,,,,,,,,
2024,95,South Africa,5.213,,,,,,,,,,,,,,,
2023,6,Netherlands,7.319,,,,,,,,,,,,,,,
2022,5,Netherlands,7.403,,,,,,,,,,,,,,,
2021,5,Netherlands,7.415,,,,,,,,,,,,,,,
2020,6,Netherlands,7.464,,,,,,,,,,,,,,,
2019,6,Netherlands,7.449,,,,,,,,,,,,,,,
2018,5,Netherlands,7.488,,,,,,,,,,,,,,,
2017,6,Netherlands,7.441,,,,,,,,,,,,,,,
2016,6,Netherlands,7.377,,,,,,,,,,,,,,,
2015,7,Netherlands,7.339,,,,,,,,,,,,,,,
2014,7,Netherlands,7.378,,,,,,,,,,,,,,,
2012,4,Netherlands,7.512,,,,,,,,,,,,,,,
2011,4,Netherlands,7.512,,,,,,,,,,,,,,,
2024,96,Mozambique,5.190,,,,,,,,,,,,,,,
2023,11,New Zealand,7.029,,,,,,,,,,,,,,,
2022,10,New Zealand,7.123,,,,,,,,,,,,,,,
2021,10,New Zealand,7.200,,,,,,,,,,,,,,,
2020,10,New Zealand,7.277,,,,,,,,,,,,,,,
2019,8,New Zealand,7.300,,,,,,,,,,,,,,,
2018,8,New Zealand,7.307,,,,,,,,,,,,,,,
2017,8,New Zealand,7.324,,,,,,,,,,,,,,,
2016,8,New Zealand,7.314,,,,,,,,,,,,,,,
2015,8,New Zealand,7.334,,,,,,,,,,,,,,,
2014,9,New Zealand,7.286,,,,,,,,,,,,,,,
2012,13,New Zealand,7.221,,,,,,,,,,,,,,,
2011,8,New Zealand,7.372,,,,,,,,,,,,,,,
2024,97,Gabon,5.120,,,,,,,,,,,,,,,
2023,43,Nicaragua,6.284,,,,,,,,,,,,,,,
2022,40,Nicaragua,6.259,,,,,,,,,,,,,,,
2021,45,Nicaragua,6.165,,,,,,,,,,,,,,,
2020,56,Nicaragua,5.972,,,,,,,,,,,,,,,
2019,46,Nicaragua,6.137,,,,,,,,,,,,,,,
2018,45,Nicaragua,6.105,,,,,,,,,,,,,,,
2017,41,Nicaragua,6.141,,,,,,,,,,,,,,,
2016,43,Nicaragua,6.071,,,,,,,,,,,,,,,
2015,48,Nicaragua,5.992,,,,,,,,,,,,,,,
2014,57,Nicaragua,5.828,,,,,,,,,,,,,,,
2012,65,Nicaragua,5.507,,,,,,,,,,,,,,,
2011,89,Nicaragua,5.115,,,,,,,,,,,,,,,
2024,98,Cìte d?Ivoire,5.102,,,,,,,,,,,,,,,
2023,109,Niger,4.556,,,,,,,,,,,,,,,
2022,109,Niger,4.501,,,,,,,,,,,,,,,
2021,104,Niger,5.003,,,,,,,,,,,,,,,
2020,97,Niger,5.074,,,,,,,,,,,,,,,
2019,103,Niger,4.910,,,,,,,,,,,,,,,
2018,114,Niger,4.628,,,,,,,,,,,,,,,
2017,134,Niger,4.166,,,,,,,,,,,,,,,
2016,135,Niger,4.028,,,,,,,,,,,,,,,
2015,142,Niger,3.856,,,,,,,,,,,,,,,
2014,144,Niger,3.845,,,,,,,,,,,,,,,
2012,136,Niger,4.152,,,,,,,,,,,,,,,
2011,137,Niger,4.122,,,,,,,,,,,,,,,
2024,99,Iran,5.093,,,,,,,,,,,,,,,
2023,102,Nigeria,4.881,,,,,,,,,,,,,,,
2022,95,Nigeria,4.981,,,,,,,,,,,,,,,
2021,118,Nigeria,4.552,,,,,,,,,,,,,,,
2020,117,Nigeria,4.759,,,,,,,,,,,,,,,
2019,115,Nigeria,4.724,,,,,,,,,,,,,,,
2018,85,Nigeria,5.265,,,,,,,,,,,,,,,
2017,91,Nigeria,5.155,,,,,,,,,,,,,,,
2016,95,Nigeria,5.074,,,,,,,,,,,,,,,
2015,103,Nigeria,4.875,,,,,,,,,,,,,,,
2014,78,Nigeria,5.268,,,,,,,,,,,,,,,
2012,82,Nigeria,5.248,,,,,,,,,,,,,,,
2011,100,Nigeria,4.856,,,,,,,,,,,,,,,
2021,79,North Cyprus,5.467,,,,,,,,,,,,,,,
2020,75,North Cyprus,5.536,,,,,,,,,,,,,,,
2019,76,North Cyprus,5.536,,,,,,,,,,,,,,,
2018,64,North Cyprus,5.718,,,,,,,,,,,,,,,
2017,58,North Cyprus,5.835,,,,,,,,,,,,,,,
2016,61,North Cyprus,5.810,,,,,,,,,,,,,,,
2015,62,North Cyprus,5.771,,,,,,,,,,,,,,,
2014,66,North Cyprus,5.695,,,,,,,,,,,,,,,
2012,69,North Cyprus,5.463,,,,,,,,,,,,,,,
2024,100,Congo,5.030,,,,,,,,,,,,,,,
2023,84,North Macedonia,5.369,,,,,,,,,,,,,,,
2022,87,North Macedonia,5.254,,,,,,,,,,,,,,,
2021,89,North Macedonia,5.199,,,,,,,,,,,,,,,
2020,95,North Macedonia,5.101,,,,,,,,,,,,,,,
2018,84,North Macedonia,5.274,,,,,,,,,,,,,,,
2017,89,North Macedonia,5.185,,,,,,,,,,,,,,,
2016,92,North Macedonia,5.175,,,,,,,,,,,,,,,
2015,95,North Macedonia,5.121,,,,,,,,,,,,,,,
2014,93,North Macedonia,5.007,,,,,,,,,,,,,,,
2012,118,North Macedonia,4.574,,,,,,,,,,,,,,,
2011,127,North Macedonia,4.369,,,,,,,,,,,,,,,
2024,101,Iraq,4.976,,,,,,,,,,,,,,,
2023,7,Norway,7.302,,,,,,,,,,,,,,,
2022,7,Norway,7.315,,,,,,,,,,,,,,,
2021,8,Norway,7.365,,,,,,,,,,,,,,,
2020,7,Norway,7.392,,,,,,,,,,,,,,,
2019,5,Norway,7.488,,,,,,,,,,,,,,,
2018,3,Norway,7.554,,,,,,,,,,,,,,,
2017,2,Norway,7.594,,,,,,,,,,,,,,,
2016,1,Norway,7.537,,,,,,,,,,,,,,,
2015,4,Norway,7.498,,,,,,,,,,,,,,,
2014,4,Norway,7.522,,,,,,,,,,,,,,,
2012,2,Norway,7.655,,,,,,,,,,,,,,,
2011,3,Norway,7.524,,,,,,,,,,,,,,,
2024,102,Guinea,4.929,,,,,,,,,,,,,,,
2014,22,Oman,6.853,,,,,,,,,,,,,,,
2012,23,Oman,6.853,,,,,,,,,,,,,,,
2024,103,Namibia,4.911,,,,,,,,,,,,,,,
2023,108,Pakistan,4.657,,,,,,,,,,,,,,,
2022,108,Pakistan,4.555,,,,,,,,,,,,,,,
2021,121,Pakistan,4.516,,,,,,,,,,,,,,,
2020,106,Pakistan,4.934,,,,,,,,,,,,,,,
2019,66,Pakistan,5.693,,,,,,,,,,,,,,,
2018,67,Pakistan,5.653,,,,,,,,,,,,,,,
2017,75,Pakistan,5.472,,,,,,,,,,,,,,,
2016,80,Pakistan,5.269,,,,,,,,,,,,,,,
2015,92,Pakistan,5.132,,,,,,,,,,,,,,,
2014,81,Pakistan,5.194,,,,,,,,,,,,,,,
2012,81,Pakistan,5.292,,,,,,,,,,,,,,,
2011,85,Pakistan,5.149,,,,,,,,,,,,,,,
2024,104,Cameroon,4.887,,,,,,,,,,,,,,,
2023,39,Panama,6.358,,,,,,,,,,,,,,,
2022,38,Panama,6.265,,,,,,,,,,,,,,,
2021,37,Panama,6.309,,,,,,,,,,,,,,,
2020,42,Panama,6.180,,,,,,,,,,,,,,,
2019,36,Panama,6.305,,,,,,,,,,,,,,,
2018,31,Panama,6.321,,,,,,,,,,,,,,,
2017,27,Panama,6.430,,,,,,,,,,,,,,,
2016,30,Panama,6.452,,,,,,,,,,,,,,,
2015,25,Panama,6.701,,,,,,,,,,,,,,,
2014,25,Panama,6.786,,,,,,,,,,,,,,,
2012,15,Panama,7.143,,,,,,,,,,,,,,,
2011,21,Panama,6.863,,,,,,,,,,,,,,,
2024,105,Nigeria,4.885,,,,,,,,,,,,,,,
2023,57,Paraguay,5.977,,,,,,,,,,,,,,,
2022,66,Paraguay,5.738,,,,,,,,,,,,,,,
2021,73,Paraguay,5.578,,,,,,,,,,,,,,,
2020,72,Paraguay,5.653,,,,,,,,,,,,,,,
2019,67,Paraguay,5.692,,,,,,,,,,,,,,,
2018,63,Paraguay,5.743,,,,,,,,,,,,,,,
2017,64,Paraguay,5.681,,,,,,,,,,,,,,,
2016,70,Paraguay,5.493,,,,,,,,,,,,,,,
2015,70,Paraguay,5.538,,,,,,,,,,,,,,,
2014,53,Paraguay,5.878,,,,,,,,,,,,,,,
2012,54,Paraguay,5.779,,,,,,,,,,,,,,,
2011,70,Paraguay,5.398,,,,,,,,,,,,,,,
2024,106,Azerbaijan,4.875,,,,,,,,,,,,,,,
2023,68,Peru,5.841,,,,,,,,,,,,,,,
2022,75,Peru,5.526,,,,,,,,,,,,,,,
2021,74,Peru,5.559,,,,,,,,,,,,,,,
2020,64,Peru,5.840,,,,,,,,,,,,,,,
2019,63,Peru,5.797,,,,,,,,,,,,,,,
2018,65,Peru,5.697,,,,,,,,,,,,,,,
2017,65,Peru,5.663,,,,,,,,,,,,,,,
2016,63,Peru,5.715,,,,,,,,,,,,,,,
2015,64,Peru,5.743,,,,,,,,,,,,,,,
2014,58,Peru,5.824,,,,,,,,,,,,,,,
2012,55,Peru,5.776,,,,,,,,,,,,,,,
2011,77,Peru,5.258,,,,,,,,,,,,,,,
2024,107,Senegal,4.856,,,,,,,,,,,,,,,
2023,53,Philippines,6.048,,,,,,,,,,,,,,,
2022,76,Philippines,5.523,,,,,,,,,,,,,,,
2021,60,Philippines,5.904,,,,,,,,,,,,,,,
2020,62,Philippines,5.880,,,,,,,,,,,,,,,
2019,52,Philippines,6.006,,,,,,,,,,,,,,,
2018,69,Philippines,5.631,,,,,,,,,,,,,,,
2017,71,Philippines,5.524,,,,,,,,,,,,,,,
2016,72,Philippines,5.430,,,,,,,,,,,,,,,
2015,82,Philippines,5.279,,,,,,,,,,,,,,,
2014,90,Philippines,5.073,,,,,,,,,,,,,,,
2012,92,Philippines,4.985,,,,,,,,,,,,,,,
2011,103,Philippines,4.825,,,,,,,,,,,,,,,
2024,108,State of Palestine,4.780,,,,,,,,,,,,,,,
2023,35,Poland,6.442,,,,,,,,,,,,,,,
2022,39,Poland,6.260,,,,,,,,,,,,,,,
2021,48,Poland,6.123,,,,,,,,,,,,,,,
2020,45,Poland,6.166,,,,,,,,,,,,,,,
2019,43,Poland,6.186,,,,,,,,,,,,,,,
2018,40,Poland,6.182,,,,,,,,,,,,,,,
2017,42,Poland,6.123,,,,,,,,,,,,,,,
2016,46,Poland,5.973,,,,,,,,,,,,,,,
2015,57,Poland,5.835,,,,,,,,,,,,,,,
2014,60,Poland,5.791,,,,,,,,,,,,,,,
2012,51,Poland,5.822,,,,,,,,,,,,,,,
2011,53,Poland,5.803,,,,,,,,,,,,,,,
2024,109,Pakistan,4.768,,,,,,,,,,,,,,,
2023,55,Portugal,6.030,,,,,,,,,,,,,,,
2022,56,Portugal,5.968,,,,,,,,,,,,,,,
2021,56,Portugal,6.016,,,,,,,,,,,,,,,
2020,59,Portugal,5.929,,,,,,,,,,,,,,,
2019,59,Portugal,5.911,,,,,,,,,,,,,,,
2018,66,Portugal,5.693,,,,,,,,,,,,,,,
2017,77,Portugal,5.410,,,,,,,,,,,,,,,
2016,89,Portugal,5.195,,,,,,,,,,,,,,,
2015,94,Portugal,5.123,,,,,,,,,,,,,,,
2014,88,Portugal,5.102,,,,,,,,,,,,,,,
2012,85,Portugal,5.101,,,,,,,,,,,,,,,
2011,73,Portugal,5.327,,,,,,,,,,,,,,,
2015,15,Puerto Rico,7.039,,,,,,,,,,,,,,,
2011,27,Puerto Rico,6.593,,,,,,,,,,,,,,,
2018,29,Qatar,6.374,,,,,,,,,,,,,,,
2017,32,Qatar,6.374,,,,,,,,,,,,,,,
2016,35,Qatar,6.375,,,,,,,,,,,,,,,
2015,36,Qatar,6.375,,,,,,,,,,,,,,,
2014,28,Qatar,6.611,,,,,,,,,,,,,,,
2012,27,Qatar,6.666,,,,,,,,,,,,,,,
2011,31,Qatar,6.569,,,,,,,,,,,,,,,
2024,110,Niger,4.725,,,,,,,,,,,,,,,
2023,52,Republic of Korea,6.058,,,,,,,,,,,,,,,
2022,57,Republic of Korea,5.951,,,,,,,,,,,,,,,
2021,59,Republic of Korea,5.935,,,,,,,,,,,,,,,
2020,63,Republic of Korea,5.845,,,,,,,,,,,,,,,
2019,61,Republic of Korea,5.872,,,,,,,,,,,,,,,
2018,54,Republic of Korea,5.895,,,,,,,,,,,,,,,
2017,57,Republic of Korea,5.875,,,,,,,,,,,,,,,
2016,55,Republic of Korea,5.838,,,,,,,,,,,,,,,
2015,58,Republic of Korea,5.835,,,,,,,,,,,,,,,
2014,47,Republic of Korea,5.984,,,,,,,,,,,,,,,
2012,41,Republic of Korea,6.267,,,,,,,,,,,,,,,
2011,56,Republic of Korea,5.643,,,,,,,,,,,,,,,
2024,111,Ukraine,4.680,,,,,,,,,,,,,,,
2023,71,Republic of Moldova,5.816,,,,,,,,,,,,,,,
2022,63,Republic of Moldova,5.819,,,,,,,,,,,,,,,
2021,62,Republic of Moldova,5.857,,,,,,,,,,,,,,,
2020,66,Republic of Moldova,5.766,,,,,,,,,,,,,,,
2019,70,Republic of Moldova,5.608,,,,,,,,,,,,,,,
2018,71,Republic of Moldova,5.529,,,,,,,,,,,,,,,
2017,67,Republic of Moldova,5.640,,,,,,,,,,,,,,,
2016,56,Republic of Moldova,5.838,,,,,,,,,,,,,,,
2015,55,Republic of Moldova,5.897,,,,,,,,,,,,,,,
2014,52,Republic of Moldova,5.889,,,,,,,,,,,,,,,
2012,53,Republic of Moldova,5.791,,,,,,,,,,,,,,,
2011,75,Republic of Moldova,5.305,,,,,,,,,,,,,,,
2024,112,Morocco,4.622,,,,,,,,,,,,,,,
2023,32,Romania,6.491,,,,,,,,,,,,,,,
2022,24,Romania,6.589,,,,,,,,,,,,,,,
2021,28,Romania,6.477,,,,,,,,,,,,,,,
2020,47,Romania,6.140,,,,,,,,,,,,,,,
2019,47,Romania,6.124,,,,,,,,,,,,,,,
2018,48,Romania,6.070,,,,,,,,,,,,,,,
2017,52,Romania,5.945,,,,,,,,,,,,,,,
2016,57,Romania,5.825,,,,,,,,,,,,,,,
2015,71,Romania,5.528,,,,,,,,,,,,,,,
2014,86,Romania,5.124,,,,,,,,,,,,,,,
2012,90,Romania,5.033,,,,,,,,,,,,,,,
2011,80,Romania,5.178,,,,,,,,,,,,,,,
2024,113,Tunisia,4.552,,,,,,,,,,,,,,,
2023,72,Russian Federation,5.785,,,,,,,,,,,,,,,
2022,70,Russian Federation,5.661,,,,,,,,,,,,,,,
2021,80,Russian Federation,5.459,,,,,,,,,,,,,,,
2020,77,Russian Federation,5.477,,,,,,,,,,,,,,,
2019,73,Russian Federation,5.546,,,,,,,,,,,,,,,
2018,68,Russian Federation,5.648,,,,,,,,,,,,,,,
2017,59,Russian Federation,5.810,,,,,,,,,,,,,,,
2016,49,Russian Federation,5.963,,,,,,,,,,,,,,,
2015,56,Russian Federation,5.856,,,,,,,,,,,,,,,
2014,64,Russian Federation,5.716,,,,,,,,,,,,,,,
2012,68,Russian Federation,5.464,,,,,,,,,,,,,,,
2011,76,Russian Federation,5.284,,,,,,,,,,,,,,,
2021,143,Rwanda,3.268,,,,,,,,,,,,,,,
2020,148,Rwanda,3.415,,,,,,,,,,,,,,,
2019,150,Rwanda,3.312,,,,,,,,,,,,,,,
2018,152,Rwanda,3.334,,,,,,,,,,,,,,,
2017,151,Rwanda,3.408,,,,,,,,,,,,,,,
2016,151,Rwanda,3.471,,,,,,,,,,,,,,,
2015,152,Rwanda,3.515,,,,,,,,,,,,,,,
2014,154,Rwanda,3.465,,,,,,,,,,,,,,,
2012,152,Rwanda,3.715,,,,,,,,,,,,,,,
2011,132,Rwanda,4.204,,,,,,,,,,,,,,,
2024,114,Mauritania,4.542,,,,,,,,,,,,,,,
2023,28,Saudi Arabia,6.594,,,,,,,,,,,,,,,
2022,30,Saudi Arabia,6.463,,,,,,,,,,,,,,,
2021,25,Saudi Arabia,6.523,,,,,,,,,,,,,,,
2020,27,Saudi Arabia,6.494,,,,,,,,,,,,,,,
2019,27,Saudi Arabia,6.406,,,,,,,,,,,,,,,
2018,28,Saudi Arabia,6.375,,,,,,,,,,,,,,,
2017,33,Saudi Arabia,6.371,,,,,,,,,,,,,,,
2016,37,Saudi Arabia,6.344,,,,,,,,,,,,,,,
2015,34,Saudi Arabia,6.379,,,,,,,,,,,,,,,
2014,35,Saudi Arabia,6.411,,,,,,,,,,,,,,,
2012,33,Saudi Arabia,6.480,,,,,,,,,,,,,,,
2011,26,Saudi Arabia,6.597,,,,,,,,,,,,,,,
2024,115,Kenya,4.510,,,,,,,,,,,,,,,
2023,99,Senegal,4.969,,,,,,,,,,,,,,,
2022,102,Senegal,4.855,,,,,,,,,,,,,,,
2021,103,Senegal,5.046,,,,,,,,,,,,,,,
2020,93,Senegal,5.132,,,,,,,,,,,,,,,
2019,101,Senegal,4.981,,,,,,,,,,,,,,,
2018,111,Senegal,4.681,,,,,,,,,,,,,,,
2017,109,Senegal,4.631,,,,,,,,,,,,,,,
2016,115,Senegal,4.535,,,,,,,,,,,,,,,
2015,128,Senegal,4.219,,,,,,,,,,,,,,,
2014,142,Senegal,3.904,,,,,,,,,,,,,,,
2012,147,Senegal,3.959,,,,,,,,,,,,,,,
2011,125,Senegal,4.414,,,,,,,,,,,,,,,
2024,116,Uganda,4.461,,,,,,,,,,,,,,,
2023,37,Serbia,6.411,,,,,,,,,,,,,,,
2022,45,Serbia,6.144,,,,,,,,,,,,,,,
2021,43,Serbia,6.178,,,,,,,,,,,,,,,
2020,49,Serbia,6.078,,,,,,,,,,,,,,,
2019,64,Serbia,5.778,,,,,,,,,,,,,,,
2018,70,Serbia,5.603,,,,,,,,,,,,,,,
2017,78,Serbia,5.398,,,,,,,,,,,,,,,
2016,73,Serbia,5.395,,,,,,,,,,,,,,,
2015,86,Serbia,5.177,,,,,,,,,,,,,,,
2014,87,Serbia,5.123,,,,,,,,,,,,,,,
2012,106,Serbia,4.813,,,,,,,,,,,,,,,
2011,118,Serbia,4.564,,,,,,,,,,,,,,,
2024,117,Gambia,4.423,,,,,,,,,,,,,,,
2023,140,Sierra Leone,3.245,,,,,,,,,,,,,,,
2022,135,Sierra Leone,3.138,,,,,,,,,,,,,,,
2021,140,Sierra Leone,3.574,,,,,,,,,,,,,,,
2020,139,Sierra Leone,3.849,,,,,,,,,,,,,,,
2019,139,Sierra Leone,3.926,,,,,,,,,,,,,,,
2018,129,Sierra Leone,4.374,,,,,,,,,,,,,,,
2017,113,Sierra Leone,4.571,,,,,,,,,,,,,,,
2016,106,Sierra Leone,4.709,,,,,,,,,,,,,,,
2015,111,Sierra Leone,4.635,,,,,,,,,,,,,,,
2014,123,Sierra Leone,4.507,,,,,,,,,,,,,,,
2012,127,Sierra Leone,4.318,,,,,,,,,,,,,,,
2011,153,Sierra Leone,3.586,,,,,,,,,,,,,,,
2024,118,India,4.389,,,,,,,,,,,,,,,
2023,30,Singapore,6.523,,,,,,,,,,,,,,,
2022,25,Singapore,6.587,,,,,,,,,,,,,,,
2021,27,Singapore,6.480,,,,,,,,,,,,,,,
2020,33,Singapore,6.377,,,,,,,,,,,,,,,
2019,31,Singapore,6.377,,,,,,,,,,,,,,,
2018,34,Singapore,6.262,,,,,,,,,,,,,,,
2017,34,Singapore,6.343,,,,,,,,,,,,,,,
2016,26,Singapore,6.572,,,,,,,,,,,,,,,
2015,22,Singapore,6.739,,,,,,,,,,,,,,,
2014,24,Singapore,6.798,,,,,,,,,,,,,,,
2012,30,Singapore,6.546,,,,,,,,,,,,,,,
2011,33,Singapore,6.549,,,,,,,,,,,,,,,
2024,119,Chad,4.384,,,,,,,,,,,,,,,
2023,45,Slovakia,6.257,,,,,,,,,,,,,,,
2022,29,Slovakia,6.469,,,,,,,,,,,,,,,
2021,35,Slovakia,6.391,,,,,,,,,,,,,,,
2020,35,Slovakia,6.331,,,,,,,,,,,,,,,
2019,37,Slovakia,6.281,,,,,,,,,,,,,,,
2018,38,Slovakia,6.198,,,,,,,,,,,,,,,
2017,39,Slovakia,6.173,,,,,,,,,,,,,,,
2016,40,Slovakia,6.098,,,,,,,,,,,,,,,
2015,45,Slovakia,6.078,,,,,,,,,,,,,,,
2014,45,Slovakia,5.995,,,,,,,,,,,,,,,
2012,46,Slovakia,5.969,,,,,,,,,,,,,,,
2011,55,Slovakia,5.657,,,,,,,,,,,,,,,
2024,120,Burkina Faso,4.383,,,,,,,,,,,,,,,
2023,21,Slovenia,6.743,,,,,,,,,,,,,,,
2022,22,Slovenia,6.650,,,,,,,,,,,,,,,
2021,22,Slovenia,6.630,,,,,,,,,,,,,,,
2020,30,Slovenia,6.461,,,,,,,,,,,,,,,
2019,33,Slovenia,6.363,,,,,,,,,,,,,,,
2018,44,Slovenia,6.118,,,,,,,,,,,,,,,
2017,51,Slovenia,5.948,,,,,,,,,,,,,,,
2016,62,Slovenia,5.758,,,,,,,,,,,,,,,
2015,63,Slovenia,5.768,,,,,,,,,,,,,,,
2014,55,Slovenia,5.848,,,,,,,,,,,,,,,
2012,44,Slovenia,6.060,,,,,,,,,,,,,,,
2011,49,Slovenia,5.922,,,,,,,,,,,,,,,
2024,121,Benin,4.357,,,,,,,,,,,,,,,
2018,112,Somalia,4.668,,,,,,,,,,,,,,,
2017,98,Somalia,4.982,,,,,,,,,,,,,,,
2016,93,Somalia,5.151,,,,,,,,,,,,,,,
2015,76,Somalia,5.440,,,,,,,,,,,,,,,
2015,97,Somaliland Region,5.057,,,,,,,,,,,,,,,
2014,91,Somaliland Region,5.057,,,,,,,,,,,,,,,
2012,101,Somaliland Region,4.847,,,,,,,,,,,,,,,
2011,111,Somaliland Region,4.691,,,,,,,,,,,,,,,
2024,122,Somalia,4.347,,,,,,,,,,,,,,,
2023,83,South Africa,5.422,,,,,,,,,,,,,,,
2022,85,South Africa,5.275,,,,,,,,,,,,,,,
2021,91,South Africa,5.194,,,,,,,,,,,,,,,
2020,104,South Africa,4.956,,,,,,,,,,,,,,,
2019,109,South Africa,4.814,,,,,,,,,,,,,,,
2018,106,South Africa,4.722,,,,,,,,,,,,,,,
2017,105,South Africa,4.724,,,,,,,,,,,,,,,
2016,101,South Africa,4.829,,,,,,,,,,,,,,,
2015,116,South Africa,4.459,,,,,,,,,,,,,,,
2014,113,South Africa,4.642,,,,,,,,,,,,,,,
2012,96,South Africa,4.963,,,,,,,,,,,,,,,
2011,90,South Africa,5.101,,,,,,,,,,,,,,,
2019,152,South Sudan,2.817,,,,,,,,,,,,,,,
2018,156,South Sudan,2.853,,,,,,,,,,,,,,,
2017,154,South Sudan,3.254,,,,,,,,,,,,,,,
2016,147,South Sudan,3.591,,,,,,,,,,,,,,,
2015,143,South Sudan,3.832,,,,,,,,,,,,,,,
2024,123,Mali,4.345,,,,,,,,,,,,,,,
2023,36,Spain,6.421,,,,,,,,,,,,,,,
2022,32,Spain,6.436,,,,,,,,,,,,,,,
2021,29,Spain,6.476,,,,,,,,,,,,,,,
2020,28,Spain,6.491,,,,,,,,,,,,,,,
2019,28,Spain,6.401,,,,,,,,,,,,,,,
2018,30,Spain,6.354,,,,,,,,,,,,,,,
2017,36,Spain,6.310,,,,,,,,,,,,,,,
2016,34,Spain,6.403,,,,,,,,,,,,,,,
2015,37,Spain,6.361,,,,,,,,,,,,,,,
2014,36,Spain,6.329,,,,,,,,,,,,,,,
2012,38,Spain,6.322,,,,,,,,,,,,,,,
2011,22,Spain,6.761,,,,,,,,,,,,,,,
2024,124,Cambodia,4.341,,,,,,,,,,,,,,,
2023,128,Sri Lanka,3.898,,,,,,,,,,,,,,,
2022,112,Sri Lanka,4.442,,,,,,,,,,,,,,,
2021,127,Sri Lanka,4.362,,,,,,,,,,,,,,,
2020,130,Sri Lanka,4.325,,,,,,,,,,,,,,,
2019,130,Sri Lanka,4.327,,,,,,,,,,,,,,,
2018,120,Sri Lanka,4.366,,,,,,,,,,,,,,,
2017,116,Sri Lanka,4.471,,,,,,,,,,,,,,,
2016,120,Sri Lanka,4.440,,,,,,,,,,,,,,,
2015,117,Sri Lanka,4.415,,,,,,,,,,,,,,,
2014,132,Sri Lanka,4.271,,,,,,,,,,,,,,,
2012,137,Sri Lanka,4.151,,,,,,,,,,,,,,,
2011,130,Sri Lanka,4.260,,,,,,,,,,,,,,,
2024,125,Ghana,4.340,,,,,,,,,,,,,,,
2023,103,State of Palestine,4.879,,,,,,,,,,,,,,,
2022,99,State of Palestine,4.908,,,,,,,,,,,,,,,
2021,122,State of Palestine,4.483,,,,,,,,,,,,,,,
2020,126,State of Palestine,4.517,,,,,,,,,,,,,,,
2019,125,State of Palestine,4.553,,,,,,,,,,,,,,,
2018,110,State of Palestine,4.696,,,,,,,,,,,,,,,
2017,104,State of Palestine,4.743,,,,,,,,,,,,,,,
2016,103,State of Palestine,4.775,,,,,,,,,,,,,,,
2015,108,State of Palestine,4.754,,,,,,,,,,,,,,,
2014,108,State of Palestine,4.715,,,,,,,,,,,,,,,
2012,113,State of Palestine,4.700,,,,,,,,,,,,,,,
2011,120,State of Palestine,4.555,,,,,,,,,,,,,,,
2017,137,Sudan,4.139,,,,,,,,,,,,,,,
2016,130,Sudan,4.139,,,,,,,,,,,,,,,
2015,133,Sudan,4.139,,,,,,,,,,,,,,,
2014,118,Sudan,4.550,,,,,,,,,,,,,,,
2012,124,Sudan,4.401,,,,,,,,,,,,,,,
2011,124,Sudan,4.424,,,,,,,,,,,,,,,
2015,40,Suriname,6.269,,,,,,,,,,,,,,,
2014,40,Suriname,6.269,,,,,,,,,,,,,,,
2012,40,Suriname,6.269,,,,,,,,,,,,,,,
2020,131,Swaziland,4.308,,,,,,,,,,,,,,,
2019,132,Swaziland,4.308,,,,,,,,,,,,,,,
2018,135,Swaziland,4.212,,,,,,,,,,,,,,,
2014,101,Swaziland,4.867,,,,,,,,,,,,,,,
2012,100,Swaziland,4.867,,,,,,,,,,,,,,,
2024,126,Myanmar,4.321,,,,,,,,,,,,,,,
2023,4,Sweden,7.344,,,,,,,,,,,,,,,
2022,6,Sweden,7.395,,,,,,,,,,,,,,,
2021,7,Sweden,7.384,,,,,,,,,,,,,,,
2020,8,Sweden,7.363,,,,,,,,,,,,,,,
2019,7,Sweden,7.353,,,,,,,,,,,,,,,
2018,7,Sweden,7.343,,,,,,,,,,,,,,,
2017,9,Sweden,7.314,,,,,,,,,,,,,,,
2016,10,Sweden,7.284,,,,,,,,,,,,,,,
2015,10,Sweden,7.291,,,,,,,,,,,,,,,
2014,8,Sweden,7.364,,,,,,,,,,,,,,,
2012,5,Sweden,7.480,,,,,,,,,,,,,,,
2011,7,Sweden,7.379,,,,,,,,,,,,,,,
2024,127,Togo,4.315,,,,,,,,,,,,,,,
2023,9,Switzerland,7.060,,,,,,,,,,,,,,,
2022,8,Switzerland,7.240,,,,,,,,,,,,,,,
2021,4,Switzerland,7.512,,,,,,,,,,,,,,,
2020,4,Switzerland,7.571,,,,,,,,,,,,,,,
2019,3,Switzerland,7.560,,,,,,,,,,,,,,,
2018,6,Switzerland,7.480,,,,,,,,,,,,,,,
2017,5,Switzerland,7.487,,,,,,,,,,,,,,,
2016,4,Switzerland,7.494,,,,,,,,,,,,,,,
2015,2,Switzerland,7.509,,,,,,,,,,,,,,,
2014,1,Switzerland,7.587,,,,,,,,,,,,,,,
2012,3,Switzerland,7.650,,,,,,,,,,,,,,,
2011,6,Switzerland,7.499,,,,,,,,,,,,,,,
2018,149,Syria,3.462,,,,,,,,,,,,,,,
2017,150,Syria,3.462,,,,,,,,,,,,,,,
2016,152,Syria,3.462,,,,,,,,,,,,,,,
2015,156,Syria,3.069,,,,,,,,,,,,,,,
2014,156,Syria,3.006,,,,,,,,,,,,,,,
2012,148,Syria,3.892,,,,,,,,,,,,,,,
2011,107,Syria,4.735,,,,,,,,,,,,,,,
2024,128,Jordan,4.310,,,,,,,,,,,,,,,
2023,31,Taiwan Province of China,6.503,,,,,,,,,,,,,,,
2022,27,Taiwan Province of China,6.535,,,,,,,,,,,,,,,
2021,26,Taiwan Province of China,6.512,,,,,,,,,,,,,,,
2020,25,Taiwan Province of China,6.584,,,,,,,,,,,,,,,
2019,25,Taiwan Province of China,6.455,,,,,,,,,,,,,,,
2018,25,Taiwan Province of China,6.446,,,,,,,,,,,,,,,
2017,26,Taiwan Province of China,6.441,,,,,,,,,,,,,,,
2016,33,Taiwan Province of China,6.422,,,,,,,,,,,,,,,
2015,35,Taiwan Province of China,6.379,,,,,,,,,,,,,,,
2014,38,Taiwan Province of China,6.298,,,,,,,,,,,,,,,
2012,42,Taiwan Province of China,6.221,,,,,,,,,,,,,,,
2011,46,Taiwan Province of China,5.988,,,,,,,,,,,,,,,
2024,129,Liberia,4.277,,,,,,,,,,,,,,,
2023,88,Tajikistan,5.281,,,,,,,,,,,,,,,
2022,80,Tajikistan,5.330,,,,,,,,,,,,,,,
2021,83,Tajikistan,5.377,,,,,,,,,,,,,,,
2020,79,Tajikistan,5.466,,,,,,,,,,,,,,,
2019,71,Tajikistan,5.556,,,,,,,,,,,,,,,
2018,74,Tajikistan,5.467,,,,,,,,,,,,,,,
2017,80,Tajikistan,5.352,,,,,,,,,,,,,,,
2016,96,Tajikistan,5.041,,,,,,,,,,,,,,,
2015,100,Tajikistan,4.996,,,,,,,,,,,,,,,
2014,106,Tajikistan,4.786,,,,,,,,,,,,,,,
2012,125,Tajikistan,4.380,,,,,,,,,,,,,,,
2011,115,Tajikistan,4.614,,,,,,,,,,,,,,,
2024,130,Madagascar,4.157,,,,,,,,,,,,,,,
2023,131,Tanzania,3.781,,,,,,,,,,,,,,,
2022,129,Tanzania,3.694,,,,,,,,,,,,,,,
2021,139,Tanzania,3.702,,,,,,,,,,,,,,,
2020,143,Tanzania,3.623,,,,,,,,,,,,,,,
2019,148,Tanzania,3.476,,,,,,,,,,,,,,,
2018,153,Tanzania,3.231,,,,,,,,,,,,,,,
2017,153,Tanzania,3.303,,,,,,,,,,,,,,,
2016,153,Tanzania,3.349,,,,,,,,,,,,,,,
2015,149,Tanzania,3.666,,,,,,,,,,,,,,,
2014,146,Tanzania,3.781,,,,,,,,,,,,,,,
2012,151,Tanzania,3.770,,,,,,,,,,,,,,,
2011,149,Tanzania,3.800,,,,,,,,,,,,,,,
2024,131,Zambia,3.912,,,,,,,,,,,,,,,
2023,58,Thailand,5.976,,,,,,,,,,,,,,,
2022,60,Thailand,5.843,,,,,,,,,,,,,,,
2021,61,Thailand,5.891,,,,,,,,,,,,,,,
2020,55,Thailand,5.985,,,,,,,,,,,,,,,
2019,54,Thailand,5.999,,,,,,,,,,,,,,,
2018,52,Thailand,6.008,,,,,,,,,,,,,,,
2017,46,Thailand,6.072,,,,,,,,,,,,,,,
2016,32,Thailand,6.424,,,,,,,,,,,,,,,
2015,33,Thailand,6.474,,,,,,,,,,,,,,,
2014,34,Thailand,6.455,,,,,,,,,,,,,,,
2012,36,Thailand,6.371,,,,,,,,,,,,,,,
2011,52,Thailand,5.804,,,,,,,,,,,,,,,
2024,132,Ethiopia,3.898,,,,,,,,,,,,,,,
2023,124,Togo,4.214,,,,,,,,,,,,,,,
2022,122,Togo,4.137,,,,,,,,,,,,,,,
2021,135,Togo,4.112,,,,,,,,,,,,,,,
2020,137,Togo,4.107,,,,,,,,,,,,,,,
2019,135,Togo,4.187,,,,,,,,,,,,,,,
2018,139,Togo,4.085,,,,,,,,,,,,,,,
2017,139,Togo,3.999,,,,,,,,,,,,,,,
2016,150,Togo,3.495,,,,,,,,,,,,,,,
2015,155,Togo,3.303,,,,,,,,,,,,,,,
2014,158,Togo,2.839,,,,,,,,,,,,,,,
2012,156,Togo,2.936,,,,,,,,,,,,,,,
2011,156,Togo,3.007,,,,,,,,,,,,,,,
2024,133,Sri Lanka,3.891,,,,,,,,,,,,,,,
2019,42,Trinidad and Tobago,6.192,,,,,,,,,,,,,,,
2018,39,Trinidad and Tobago,6.192,,,,,,,,,,,,,,,
2017,38,Trinidad and Tobago,6.192,,,,,,,,,,,,,,,
2016,38,Trinidad and Tobago,6.168,,,,,,,,,,,,,,,
2015,43,Trinidad and Tobago,6.168,,,,,,,,,,,,,,,
2014,41,Trinidad and Tobago,6.168,,,,,,,,,,,,,,,
2012,31,Trinidad and Tobago,6.519,,,,,,,,,,,,,,,
2011,38,Trinidad and Tobago,6.263,,,,,,,,,,,,,,,
2024,134,Bangladesh,3.851,,,,,,,,,,,,,,,
2023,115,Tunisia,4.422,,,,,,,,,,,,,,,
2022,110,Tunisia,4.497,,,,,,,,,,,,,,,
2021,120,Tunisia,4.516,,,,,,,,,,,,,,,
2020,123,Tunisia,4.596,,,,,,,,,,,,,,,
2019,128,Tunisia,4.392,,,,,,,,,,,,,,,
2018,124,Tunisia,4.461,,,,,,,,,,,,,,,
2017,111,Tunisia,4.592,,,,,,,,,,,,,,,
2016,102,Tunisia,4.805,,,,,,,,,,,,,,,
2015,98,Tunisia,5.045,,,,,,,,,,,,,,,
2014,107,Tunisia,4.739,,,,,,,,,,,,,,,
2012,104,Tunisia,4.826,,,,,,,,,,,,,,,
2011,87,Tunisia,5.141,,,,,,,,,,,,,,,
2024,135,Egypt,3.817,,,,,,,,,,,,,,,
2023,98,TÅrkiye,4.975,,,,,,,,,,,,,,,
2022,106,TÅrkiye,4.614,,,,,,,,,,,,,,,
2021,112,TÅrkiye,4.744,,,,,,,,,,,,,,,
2020,105,TÅrkiye,4.948,,,,,,,,,,,,,,,
2019,93,TÅrkiye,5.132,,,,,,,,,,,,,,,
2018,79,TÅrkiye,5.373,,,,,,,,,,,,,,,
2017,74,TÅrkiye,5.483,,,,,,,,,,,,,,,
2016,69,TÅrkiye,5.500,,,,,,,,,,,,,,,
2015,78,TÅrkiye,5.389,,,,,,,,,,,,,,,
2014,76,TÅrkiye,5.332,,,,,,,,,,,,,,,
2012,77,TÅrkiye,5.345,,,,,,,,,,,,,,,
2011,78,TÅrkiye,5.234,,,,,,,,,,,,,,,
2021,78,Turkmenistan,5.474,,,,,,,,,,,,,,,
2020,98,Turkmenistan,5.066,,,,,,,,,,,,,,,
2019,95,Turkmenistan,5.119,,,,,,,,,,,,,,,
2018,87,Turkmenistan,5.247,,,,,,,,,,,,,,,
2017,68,Turkmenistan,5.636,,,,,,,,,,,,,,,
2016,59,Turkmenistan,5.822,,,,,,,,,,,,,,,
2015,65,Turkmenistan,5.658,,,,,,,,,,,,,,,
2014,70,Turkmenistan,5.548,,,,,,,,,,,,,,,
2012,59,Turkmenistan,5.628,,,,,,,,,,,,,,,
2011,32,Turkmenistan,6.568,,,,,,,,,,,,,,,
2024,136,Tanzania,3.800,,,,,,,,,,,,,,,
2023,117,Uganda,4.372,,,,,,,,,,,,,,,
2022,113,Uganda,4.432,,,,,,,,,,,,,,,
2021,117,Uganda,4.603,,,,,,,,,,,,,,,
2020,120,Uganda,4.636,,,,,,,,,,,,,,,
2019,126,Uganda,4.432,,,,,,,,,,,,,,,
2018,136,Uganda,4.189,,,,,,,,,,,,,,,
2017,135,Uganda,4.161,,,,,,,,,,,,,,,
2016,133,Uganda,4.081,,,,,,,,,,,,,,,
2015,146,Uganda,3.739,,,,,,,,,,,,,,,
2014,141,Uganda,3.931,,,,,,,,,,,,,,,
2012,120,Uganda,4.443,,,,,,,,,,,,,,,
2011,128,Uganda,4.313,,,,,,,,,,,,,,,
2024,137,Eswatini,3.774,,,,,,,,,,,,,,,
2023,105,Ukraine,4.873,,,,,,,,,,,,,,,
2022,92,Ukraine,5.071,,,,,,,,,,,,,,,
2021,98,Ukraine,5.084,,,,,,,,,,,,,,,
2020,111,Ukraine,4.875,,,,,,,,,,,,,,,
2019,123,Ukraine,4.561,,,,,,,,,,,,,,,
2018,133,Ukraine,4.332,,,,,,,,,,,,,,,
2017,138,Ukraine,4.103,,,,,,,,,,,,,,,
2016,132,Ukraine,4.096,,,,,,,,,,,,,,,
2015,123,Ukraine,4.324,,,,,,,,,,,,,,,
2014,111,Ukraine,4.681,,,,,,,,,,,,,,,
2012,87,Ukraine,5.057,,,,,,,,,,,,,,,
2011,91,Ukraine,5.089,,,,,,,,,,,,,,,
2024,138,Lesotho,3.757,,,,,,,,,,,,,,,
2023,22,United Arab Emirates,6.733,,,,,,,,,,,,,,,
2022,26,United Arab Emirates,6.571,,,,,,,,,,,,,,,
2021,24,United Arab Emirates,6.576,,,,,,,,,,,,,,,
2020,26,United Arab Emirates,6.561,,,,,,,,,,,,,,,
2019,21,United Arab Emirates,6.791,,,,,,,,,,,,,,,
2018,21,United Arab Emirates,6.825,,,,,,,,,,,,,,,
2017,20,United Arab Emirates,6.774,,,,,,,,,,,,,,,
2016,21,United Arab Emirates,6.648,,,,,,,,,,,,,,,
2015,28,United Arab Emirates,6.573,,,,,,,,,,,,,,,
2014,20,United Arab Emirates,6.901,,,,,,,,,,,,,,,
2012,14,United Arab Emirates,7.144,,,,,,,,,,,,,,,
2011,17,United Arab Emirates,6.977,,,,,,,,,,,,,,,
2024,139,Comoros,3.754,,,,,,,,,,,,,,,
2023,20,United Kingdom,6.749,,,,,,,,,,,,,,,
2022,19,United Kingdom,6.796,,,,,,,,,,,,,,,
2021,17,United Kingdom,6.943,,,,,,,,,,,,,,,
2020,18,United Kingdom,7.064,,,,,,,,,,,,,,,
2019,13,United Kingdom,7.165,,,,,,,,,,,,,,,
2018,15,United Kingdom,7.054,,,,,,,,,,,,,,,
2017,19,United Kingdom,6.814,,,,,,,,,,,,,,,
2016,19,United Kingdom,6.714,,,,,,,,,,,,,,,
2015,23,United Kingdom,6.725,,,,,,,,,,,,,,,
2014,21,United Kingdom,6.867,,,,,,,,,,,,,,,
2012,22,United Kingdom,6.883,,,,,,,,,,,,,,,
2011,18,United Kingdom,6.936,,,,,,,,,,,,,,,
2024,140,Yemen,3.561,,,,,,,,,,,,,,,
2023,23,United States,6.725,,,,,,,,,,,,,,,
2022,15,United States,6.894,,,,,,,,,,,,,,,
2021,16,United States,6.977,,,,,,,,,,,,,,,
2020,20,United States,6.951,,,,,,,,,,,,,,,
2019,18,United States,6.940,,,,,,,,,,,,,,,
2018,19,United States,6.892,,,,,,,,,,,,,,,
2017,18,United States,6.886,,,,,,,,,,,,,,,
2016,14,United States,6.993,,,,,,,,,,,,,,,
2015,13,United States,7.104,,,,,,,,,,,,,,,
2014,15,United States,7.119,,,,,,,,,,,,,,,
2012,17,United States,7.082,,,,,,,,,,,,,,,
2011,11,United States,7.270,,,,,,,,,,,,,,,
2024,141,DR Congo,3.469,,,,,,,,,,,,,,,
2023,26,Uruguay,6.611,,,,,,,,,,,,,,,
2022,28,Uruguay,6.494,,,,,,,,,,,,,,,
2021,30,Uruguay,6.474,,,,,,,,,,,,,,,
2020,32,Uruguay,6.431,,,,,,,,,,,,,,,
2019,26,Uruguay,6.440,,,,,,,,,,,,,,,
2018,33,Uruguay,6.293,,,,,,,,,,,,,,,
2017,31,Uruguay,6.379,,,,,,,,,,,,,,,
2016,28,Uruguay,6.454,,,,,,,,,,,,,,,
2015,29,Uruguay,6.545,,,,,,,,,,,,,,,
2014,32,Uruguay,6.485,,,,,,,,,,,,,,,
2012,37,Uruguay,6.355,,,,,,,,,,,,,,,
2011,50,Uruguay,5.898,,,,,,,,,,,,,,,
2024,142,Botswana,3.438,,,,,,,,,,,,,,,
2023,47,Uzbekistan,6.195,,,,,,,,,,,,,,,
2022,54,Uzbekistan,6.014,,,,,,,,,,,,,,,
2021,53,Uzbekistan,6.063,,,,,,,,,,,,,,,
2020,43,Uzbekistan,6.179,,,,,,,,,,,,,,,
2019,38,Uzbekistan,6.258,,,,,,,,,,,,,,,
2018,41,Uzbekistan,6.174,,,,,,,,,,,,,,,
2017,44,Uzbekistan,6.096,,,,,,,,,,,,,,,
2016,47,Uzbekistan,5.971,,,,,,,,,,,,,,,
2015,49,Uzbekistan,5.987,,,,,,,,,,,,,,,
2014,44,Uzbekistan,6.003,,,,,,,,,,,,,,,
2012,60,Uzbekistan,5.623,,,,,,,,,,,,,,,
2011,79,Uzbekistan,5.225,,,,,,,,,,,,,,,
2024,143,Zimbabwe,3.396,,,,,,,,,,,,,,,
2023,79,Venezuela,5.607,,,,,,,,,,,,,,,
2022,88,Venezuela,5.211,,,,,,,,,,,,,,,
2021,108,Venezuela,4.925,,,,,,,,,,,,,,,
2020,108,Venezuela,4.892,,,,,,,,,,,,,,,
2019,99,Venezuela,5.053,,,,,,,,,,,,,,,
2018,108,Venezuela,4.707,,,,,,,,,,,,,,,
2017,102,Venezuela,4.806,,,,,,,,,,,,,,,
2016,82,Venezuela,5.250,,,,,,,,,,,,,,,
2015,44,Venezuela,6.084,,,,,,,,,,,,,,,
2014,23,Venezuela,6.810,,,,,,,,,,,,,,,
2012,20,Venezuela,7.039,,,,,,,,,,,,,,,
2011,19,Venezuela,6.922,,,,,,,,,,,,,,,
2024,144,Malawi,3.260,,,,,,,,,,,,,,,
2023,54,Viet Nam,6.043,,,,,,,,,,,,,,,
2022,65,Viet Nam,5.763,,,,,,,,,,,,,,,
2021,77,Viet Nam,5.485,,,,,,,,,,,,,,,
2020,80,Viet Nam,5.411,,,,,,,,,,,,,,,
2019,83,Viet Nam,5.353,,,,,,,,,,,,,,,
2018,94,Viet Nam,5.175,,,,,,,,,,,,,,,
2017,95,Viet Nam,5.103,,,,,,,,,,,,,,,
2016,94,Viet Nam,5.074,,,,,,,,,,,,,,,
2015,96,Viet Nam,5.061,,,,,,,,,,,,,,,
2014,75,Viet Nam,5.360,,,,,,,,,,,,,,,
2012,63,Viet Nam,5.533,,,,,,,,,,,,,,,
2011,65,Viet Nam,5.425,,,,,,,,,,,,,,,
2024,145,Lebanon,3.188,,,,,,,,,,,,,,,
2023,133,Yemen,3.561,,,,,,,,,,,,,,,
2021,132,Yemen,4.197,,,,,,,,,,,,,,,
2020,142,Yemen,3.658,,,,,,,,,,,,,,,
2019,146,Yemen,3.527,,,,,,,,,,,,,,,
2018,151,Yemen,3.380,,,,,,,,,,,,,,,
2017,152,Yemen,3.355,,,,,,,,,,,,,,,
2016,146,Yemen,3.593,,,,,,,,,,,,,,,
2015,147,Yemen,3.724,,,,,,,,,,,,,,,
2014,136,Yemen,4.077,,,,,,,,,,,,,,,
2012,142,Yemen,4.054,,,,,,,,,,,,,,,
2011,123,Yemen,4.454,,,,,,,,,,,,,,,
2024,146,Sierra Leone,2.998,,,,,,,,,,,,,,,
2023,134,Zambia,3.502,,,,,,,,,,,,,,,
2022,128,Zambia,3.982,,,,,,,,,,,,,,,
2021,137,Zambia,3.760,,,,,,,,,,,,,,,
2020,138,Zambia,4.073,,,,,,,,,,,,,,,
2019,141,Zambia,3.759,,,,,,,,,,,,,,,
2018,138,Zambia,4.107,,,,,,,,,,,,,,,
2017,125,Zambia,4.377,,,,,,,,,,,,,,,
2016,116,Zambia,4.514,,,,,,,,,,,,,,,
2015,106,Zambia,4.795,,,,,,,,,,,,,,,
2014,85,Zambia,5.129,,,,,,,,,,,,,,,
2012,91,Zambia,5.006,,,,,,,,,,,,,,,
2011,109,Zambia,4.705,,,,,,,,,,,,,,,
2024,147,Afghanistan,1.364,,,,,,,,,,,,,,,
2023,138,Zimbabwe,3.341,,,,,,,,,,,,,,,
2022,134,Zimbabwe,3.204,,,,,,,,,,,,,,,
2021,144,Zimbabwe,2.995,,,,,,,,,,,,,,,
2020,149,Zimbabwe,3.145,,,,,,,,,,,,,,,
2019,151,Zimbabwe,3.299,,,,,,,,,,,,,,,
2018,146,Zimbabwe,3.663,,,,,,,,,,,,,,,
2017,144,Zimbabwe,3.692,,,,,,,,,,,,,,,
2016,138,Zimbabwe,3.875,,,,,,,,,,,,,,,
2015,131,Zimbabwe,4.193,,,,,,,,,,,,,,,
2014,115,Zimbabwe,4.610,,,,,,,,,,,,,,,
2012,103,Zimbabwe,4.827,,,,,,,,,,,,,,,
2011,142,Zimbabwe,3.978,,,,,,,,,,,,,,,
,,,,,,,,,,,,,,,,,,
,,,,,,,,,,,,,,,,,,
,,,,,,,,,,,,,,,,,,
,,,,,,,,,,,,,,,,,,
,,,,,,,,,,,,,,,,,,
,,,,,,,,,,,,,,,,,,
,,,,,,,,,,,,,,,,,,
,,,,,,,,,,,,,,,,,,
,,,,,,,,,,,,,,,,,,
,,,,,,,,,,,,,,,,,,
,,,,,,,,,,,,,,,,,,
,,,,,,,,,,,,,,,,,,
,,,,,,,,,,,,,,,,,,
,,,,,,,,,,,,,,,,,,
,,,,,,,,,,,,,,,,,,
,,,,,,,,,,,,,,,,,,
,,,,,,,,,,,,,,,,,,
,,,,,,,,,,,,,,,,,,
,,,,,,,,,,,,,,,,,,
,,,,,,,,,,,,,,,,,,
,,,,,,,,,,,,,,,,,,
,,,,,,,,,,,,,,,,,,
,,,,,,,,,,,,,,,,,,
,,,,,,,,,,,,,,,,,,
,,,,,,,,,,,,,,,,,,
,,,,,,,,,,,,,,,,,,
,,,,,,,,,,,,,,,,,,
,,,,,,,,,,,,,,,,,,
,,,,,,,,,,,,,,,,,,
,,,,,,,,,,,,,,,,,,
,,,,,,,,,,,,,,,,,,
,,,,,,,,,,,,,,,,,,
,,,,,,,,,,,,,,,,,,
,,,,,,,,,,,,,,,,,,
,,,,,,,,,,,,,,,,,,
,,,,,,,,,,,,,,,,,,
,,,,,,,,,,,,,,,,,,
,,,,,,,,,,,,,,,,,,
,,,,,,,,,,,,,,,,,,
,,,,,,,,,,,,,,,,,,
,,,,,,,,,,,,,,,,,,
,,,,,,,,,,,,,,,,,,
,,,,,,,,,,,,,,,,,,
,,,,,,,,,,,,,,,,,,
,,,,,,,,,,,,,,,,,,
,,,,,,,,,,,,,,,,,,
,,,,,,,,,,,,,,,,,,
,,,,,,,,,,,,,,,,,,
,,,,,,,,,,,,,,,,,,
,,,,,,,,,,,,,,,,,,
,,,,,,,,,,,,,,,,,,
,,,,,,,,,,,,,,,,,,
,,,,,,,,,,,,,,,,,,
,,,,,,,,,,,,,,,,,,
,,,,,,,,,,,,,,,,,,
,,,,,,,,,,,,,,,,,,
,,,,,,,,,,,,,,,,,,
,,,,,,,,,,,,,,,,,,
,,,,,,,,,,,,,,,,,,
,,,,,,,,,,,,,,,,,,
,,,,,,,,,,,,,,,,,,
,,,,,,,,,,,,,,,,,,
,,,,,,,,,,,,,,,,,,
,,,,,,,,,,,,,,,,,,
,,,,,,,,,,,,,,,,,,
,,,,,,,,,,,,,,,,,,
,,,,,,,,,,,,,,,,,,
,,,,,,,,,,,,,,,,,,
,,,,,,,,,,,,,,,,,,
,,,,,,,,,,,,,,,,,,
,,,,,,,,,,,,,,,,,,
,,,,,,,,,,,,,,,,,,
,,,,,,,,,,,,,,,,,,
,,,,,,,,,,,,,,,,,,
,,,,,,,,,,,,,,,,,,
,,,,,,,,,,,,,,,,,,
,,,,,,,,,,,,,,,,,,
,,,,,,,,,,,,,,,,,,
,,,,,,,,,,,,,,,,,,
,,,,,,,,,,,,,,,,,,
,,,,,,,,,,,,,,,,,,
,,,,,,,,,,,,,,,,,,
,,,,,,,,,,,,,,,,,,
,,,,,,,,,,,,,,,,,,
,,,,,,,,,,,,,,,,,,
,,,,,,,,,,,,,,,,,,
,,,,,,,,,,,,,,,,,,
,,,,,,,,,,,,,,,,,,
,,,,,,,,,,,,,,,,,,
,,,,,,,,,,,,,,,,,,
,,,,,,,,,,,,,,,,,,
,,,,,,,,,,,,,,,,,,
,,,,,,,,,,,,,,,,,,
,,,,,,,,,,,,,,,,,,
,,,,,,,,,,,,,,,,,,
,,,,,,,,,,,,,,,,,,
,,,,,,,,,,,,,,,,,,
,,,,,,,,,,,,,,,,,,
,,,,,,,,,,,,,,,,,,
,,,,,,,,,,,,,,,,,,
,,,,,,,,,,,,,,,,,,
,,,,,,,,,,,,,,,,,,
,,,,,,,,,,,,,,,,,,
,,,,,,,,,,,,,,,,,,
,,,,,,,,,,,,,,,,,,
,,,,,,,,,,,,,,,,,,
,,,,,,,,,,,,,,,,,,
,,,,,,,,,,,,,,,,,,
,,,,,,,,,,,,,,,,,,
,,,,,,,,,,,,,,,,,,
,,,,,,,,,,,,,,,,,,
,,,,,,,,,,,,,,,,,,
,,,,,,,,,,,,,,,,,,
,,,,,,,,,,,,,,,,,,
,,,,,,,,,,,,,,,,,,
,,,,,,,,,,,,,,,,,,
,,,,,,,,,,,,,,,,,,
,,,,,,,,,,,,,,,,,,
,,,,,,,,,,,,,,,,,,
,,,,,,,,,,,,,,,,,,
,,,,,,,,,,,,,,,,,,
,,,,,,,,,,,,,,,,,,
,,,,,,,,,,,,,,,,,,
,,,,,,,,,,,,,,,,,,
,,,,,,,,,,,,,,,,,,
,,,,,,,,,,,,,,,,,,
,,,,,,,,,,,,,,,,,,
,,,,,,,,,,,,,,,,,,
,,,,,,,,,,,,,,,,,,
,,,,,,,,,,,,,,,,,,
,,,,,,,,,,,,,,,,,,
,,,,,,,,,,,,,,,,,,
,,,,,,,,,,,,,,,,,,
,,,,,,,,,,,,,,,,,,
,,,,,,,,,,,,,,,,,,
,,,,,,,,,,,,,,,,,,
,,,,,,,,,,,,,,,,,,
,,,,,,,,,,,,,,,,,,
,,,,,,,,,,,,,,,,,,
,,,,,,,,,,,,,,,,,,
,,,,,,,,,,,,,,,,,,
,,,,,,,,,,,,,,,,,,
,,,,,,,,,,,,,,,,,,
,,,,,,,,,,,,,,,,,,
,,,,,,,,,,,,,,,,,,
,,,,,,,,,,,,,,,,,,
,,,,,,,,,,,,,,,,,,
,,,,,,,,,,,,,,,,,,
,,,,,,,,,,,,,,,,,,
,,,,,,,,,,,,,,,,,,
,,,,,,,,,,,,,,,,,,
,,,,,,,,,,,,,,,,,,
,,,,,,,,,,,,,,,,,,
,,,,,,,,,,,,,,,,,,
,,,,,,,,,,,,,,,,,,
,,,,,,,,,,,,,,,,,,
,,,,,,,,,,,,,,,,,,
,,,,,,,,,,,,,,,,,,
,,,,,,,,,,,,,,,,,,
,,,,,,,,,,,,,,,,,,
,,,,,,,,,,,,,,,,,,
,,,,,,,,,,,,,,,,,,
,,,,,,,,,,,,,,,,,,
,,,,,,,,,,,,,,,,,,
,,,,,,,,,,,,,,,,,,
,,,,,,,,,,,,,,,,,,
,,,,,,,,,,,,,,,,,,
,,,,,,,,,,,,,,,,,,
,,,,,,,,,,,,,,,,,,
,,,,,,,,,,,,,,,,,,
,,,,,,,,,,,,,,,,,,
,,,,,,,,,,,,,,,,,,
,,,,,,,,,,,,,,,,,,
,,,,,,,,,,,,,,,,,,
,,,,,,,,,,,,,,,,,,
,,,,,,,,,,,,,,,,,,
,,,,,,,,,,,,,,,,,,
,,,,,,,,,,,,,,,,,,
,,,,,,,,,,,,,,,,,,
,,,,,,,,,,,,,,,,,,
,,,,,,,,,,,,,,,,,,
,,,,,,,,,,,,,,,,,,
,,,,,,,,,,,,,,,,,,
,,,,,,,,,,,,,,,,,,
,,,,,,,,,,,,,,,,,,
,,,,,,,,,,,,,,,,,,
,,,,,,,,,,,,,,,,,,
,,,,,,,,,,,,,,,,,,
,,,,,,,,,,,,,,,,,,
,,,,,,,,,,,,,,,,,,
,,,,,,,,,,,,,,,,,,
,,,,,,,,,,,,,,,,,,
,,,,,,,,,,,,,,,,,,
,,,,,,,,,,,,,,,,,,
,,,,,,,,,,,,,,,,,,
,,,,,,,,,,,,,,,,,,
,,,,,,,,,,,,,,,,,,
,,,,,,,,,,,,,,,,,,
,,,,,,,,,,,,,,,,,,
,,,,,,,,,,,,,,,,,,
,,,,,,,,,,,,,,,,,,
,,,,,,,,,,,,,,,,,,
,,,,,,,,,,,,,,,,,,
,,,,,,,,,,,,,,,,,,
,,,,,,,,,,,,,,,,,,
,,,,,,,,,,,,,,,,,,
,,,,,,,,,,,,,,,,,,
,,,,,,,,,,,,,,,,,,
,,,,,,,,,,,,,,,,,,
,,,,,,,,,,,,,,,,,,
,,,,,,,,,,,,,,,,,,
,,,,,,,,,,,,,,,,,,
,,,,,,,,,,,,,,,,,,
,,,,,,,,,,,,,,,,,,
,,,,,,,,,,,,,,,,,,
,,,,,,,,,,,,,,,,,,
,,,,,,,,,,,,,,,,,,
,,,,,,,,,,,,,,,,,,
,,,,,,,,,,,,,,,,,,
,,,,,,,,,,,,,,,,,,
,,,,,,,,,,,,,,,,,,
,,,,,,,,,,,,,,,,,,
,,,,,,,,,,,,,,,,,,
,,,,,,,,,,,,,,,,,,
,,,,,,,,,,,,,,,,,,
,,,,,,,,,,,,,,,,,,
,,,,,,,,,,,,,,,,,,
,,,,,,,,,,,,,,,,,,
,,,,,,,,,,,,,,,,,,
,,,,,,,,,,,,,,,,,,
,,,,,,,,,,,,,,,,,,
,,,,,,,,,,,,,,,,,,
,,,,,,,,,,,,,,,,,,
,,,,,,,,,,,,,,,,,,
,,,,,,,,,,,,,,,,,,
,,,,,,,,,,,,,,,,,,
,,,,,,,,,,,,,,,,,,
,,,,,,,,,,,,,,,,,,
,,,,,,,,,,,,,,,,,,
,,,,,,,,,,,,,,,,,,
,,,,,,,,,,,,,,,,,,
,,,,,,,,,,,,,,,,,,
,,,,,,,,,,,,,,,,,,
,,,,,,,,,,,,,,,,,,
,,,,,,,,,,,,,,,,,,
,,,,,,,,,,,,,,,,,,
,,,,,,,,,,,,,,,,,,
,,,,,,,,,,,,,,,,,,
,,,,,,,,,,,,,,,,,,
,,,,,,,,,,,,,,,,,,
,,,,,,,,,,,,,,,,,,
,,,,,,,,,,,,,,,,,,
,,,,,,,,,,,,,,,,,,
,,,,,,,,,,,,,,,,,,
,,,,,,,,,,,,,,,,,,
,,,,,,,,,,,,,,,,,,
,,,,,,,,,,,,,,,,,,
,,,,,,,,,,,,,,,,,,
,,,,,,,,,,,,,,,,,,
,,,,,,,,,,,,,,,,,,
,,,,,,,,,,,,,,,,,,
,,,,,,,,,,,,,,,,,,
,,,,,,,,,,,,,,,,,,
,,,,,,,,,,,,,,,,,,
,,,,,,,,,,,,,,,,,,
,,,,,,,,,,,,,,,,,,
,,,,,,,,,,,,,,,,,,
,,,,,,,,,,,,,,,,,,
,,,,,,,,,,,,,,,,,,
,,,,,,,,,,,,,,,,,,
,,,,,,,,,,,,,,,,,,
,,,,,,,,,,,,,,,,,,
,,,,,,,,,,,,,,,,,,
,,,,,,,,,,,,,,,,,,
,,,,,,,,,,,,,,,,,,
,,,,,,,,,,,,,,,,,,
,,,,,,,,,,,,,,,,,,
,,,,,,,,,,,,,,,,,,
,,,,,,,,,,,,,,,,,,
,,,,,,,,,,,,,,,,,,
,,,,,,,,,,,,,,,,,,
,,,,,,,,,,,,,,,,,,
,,,,,,,,,,,,,,,,,,
,,,,,,,,,,,,,,,,,,
,,,,,,,,,,,,,,,,,,
,,,,,,,,,,,,,,,,,,
,,,,,,,,,,,,,,,,,,
,,,,,,,,,,,,,,,,,,
,,,,,,,,,,,,,,,,,,
,,,,,,,,,,,,,,,,,,
,,,,,,,,,,,,,,,,,,
,,,,,,,,,,,,,,,,,,
,,,,,,,,,,,,,,,,,,
,,,,,,,,,,,,,,,,,,
,,,,,,,,,,,,,,,,,,
,,,,,,,,,,,,,,,,,,
,,,,,,,,,,,,,,,,,,
,,,,,,,,,,,,,,,,,,
,,,,,,,,,,,,,,,,,,
,,,,,,,,,,,,,,,,,,
,,,,,,,,,,,,,,,,,,
,,,,,,,,,,,,,,,,,,
,,,,,,,,,,,,,,,,,,
,,,,,,,,,,,,,,,,,,
,,,,,,,,,,,,,,,,,,
,,,,,,,,,,,,,,,,,,
,,,,,,,,,,,,,,,,,,
,,,,,,,,,,,,,,,,,,
,,,,,,,,,,,,,,,,,,
,,,,,,,,,,,,,,,,,,
,,,,,,,,,,,,,,,,,,
,,,,,,,,,,,,,,,,,,
,,,,,,,,,,,,,,,,,,
,,,,,,,,,,,,,,,,,,
,,,,,,,,,,,,,,,,,,
,,,,,,,,,,,,,,,,,,
,,,,,,,,,,,,,,,,,,
,,,,,,,,,,,,,,,,,,
,,,,,,,,,,,,,,,,,,
,,,,,,,,,,,,,,,,,,
,,,,,,,,,,,,,,,,,,
,,,,,,,,,,,,,,,,,,
,,,,,,,,,,,,,,,,,,
,,,,,,,,,,,,,,,,,,
,,,,,,,,,,,,,,,,,,
,,,,,,,,,,,,,,,,,,
,,,,,,,,,,,,,,,,,,
,,,,,,,,,,,,,,,,,,
,,,,,,,,,,,,,,,,,,
,,,,,,,,,,,,,,,,,,
,,,,,,,,,,,,,,,,,,
,,,,,,,,,,,,,,,,,,
,,,,,,,,,,,,,,,,,,
,,,,,,,,,,,,,,,,,,
,,,,,,,,,,,,,,,,,,
,,,,,,,,,,,,,,,,,,
,,,,,,,,,,,,,,,,,,
,,,,,,,,,,,,,,,,,,
,,,,,,,,,,,,,,,,,,
,,,,,,,,,,,,,,,,,,
,,,,,,,,,,,,,,,,,,
,,,,,,,,,,,,,,,,,,
,,,,,,,,,,,,,,,,,,
,,,,,,,,,,,,,,,,,,
,,,,,,,,,,,,,,,,,,
,,,,,,,,,,,,,,,,,,
,,,,,,,,,,,,,,,,,,
,,,,,,,,,,,,,,,,,,
,,,,,,,,,,,,,,,,,,
,,,,,,,,,,,,,,,,,,
,,,,,,,,,,,,,,,,,,
,,,,,,,,,,,,,,,,,,
,,,,,,,,,,,,,,,,,,
,,,,,,,,,,,,,,,,,,
,,,,,,,,,,,,,,,,,,
,,,,,,,,,,,,,,,,,,
,,,,,,,,,,,,,,,,,,
,,,,,,,,,,,,,,,,,,
,,,,,,,,,,,,,,,,,,
,,,,,,,,,,,,,,,,,,
,,,,,,,,,,,,,,,,,,
,,,,,,,,,,,,,,,,,,
,,,,,,,,,,,,,,,,,,
,,,,,,,,,,,,,,,,,,
,,,,,,,,,,,,,,,,,,
,,,,,,,,,,,,,,,,,,
,,,,,,,,,,,,,,,,,,
,,,,,,,,,,,,,,,,,,
,,,,,,,,,,,,,,,,,,
,,,,,,,,,,,,,,,,,,
,,,,,,,,,,,,,,,,,,
,,,,,,,,,,,,,,,,,,
,,,,,,,,,,,,,,,,,,
,,,,,,,,,,,,,,,,,,
,,,,,,,,,,,,,,,,,,
,,,,,,,,,,,,,,,,,,
,,,,,,,,,,,,,,,,,,
,,,,,,,,,,,,,,,,,,
,,,,,,,,,,,,,,,,,,
,,,,,,,,,,,,,,,,,,
,,,,,,,,,,,,,,,,,,
,,,,,,,,,,,,,,,,,,
,,,,,,,,,,,,,,,,,,
,,,,,,,,,,,,,,,,,,
,,,,,,,,,,,,,,,,,,
,,,,,,,,,,,,,,,,,,
,,,,,,,,,,,,,,,,,,
,,,,,,,,,,,,,,,,,,
,,,,,,,,,,,,,,,,,,
,,,,,,,,,,,,,,,,,,
,,,,,,,,,,,,,,,,,,
,,,,,,,,,,,,,,,,,,
,,,,,,,,,,,,,,,,,,
,,,,,,,,,,,,,,,,,,
,,,,,,,,,,,,,,,,,,
,,,,,,,,,,,,,,,,,,
,,,,,,,,,,,,,,,,,,
,,,,,,,,,,,,,,,,,,
,,,,,,,,,,,,,,,,,,
,,,,,,,,,,,,,,,,,,
,,,,,,,,,,,,,,,,,,
,,,,,,,,,,,,,,,,,,
,,,,,,,,,,,,,,,,,,
,,,,,,,,,,,,,,,,,,
,,,,,,,,,,,,,,,,,,
,,,,,,,,,,,,,,,,,,
,,,,,,,,,,,,,,,,,,
,,,,,,,,,,,,,,,,,,
,,,,,,,,,,,,,,,,,,
,,,,,,,,,,,,,,,,,,
,,,,,,,,,,,,,,,,,,
,,,,,,,,,,,,,,,,,,
,,,,,,,,,,,,,,,,,,
,,,,,,,,,,,,,,,,,,
,,,,,,,,,,,,,,,,,,
,,,,,,,,,,,,,,,,,,
,,,,,,,,,,,,,,,,,,
,,,,,,,,,,,,,,,,,,
,,,,,,,,,,,,,,,,,,
,,,,,,,,,,,,,,,,,,
,,,,,,,,,,,,,,,,,,
,,,,,,,,,,,,,,,,,,
,,,,,,,,,,,,,,,,,,
,,,,,,,,,,,,,,,,,,
,,,,,,,,,,,,,,,,,,
,,,,,,,,,,,,,,,,,,
,,,,,,,,,,,,,,,,,,
,,,,,,,,,,,,,,,,,,
,,,,,,,,,,,,,,,,,,
,,,,,,,,,,,,,,,,,,
,,,,,,,,,,,,,,,,,,
,,,,,,,,,,,,,,,,,,
,,,,,,,,,,,,,,,,,,
,,,,,,,,,,,,,,,,,,
,,,,,,,,,,,,,,,,,,
,,,,,,,,,,,,,,,,,,
,,,,,,,,,,,,,,,,,,
,,,,,,,,,,,,,,,,,,
,,,,,,,,,,,,,,,,,,
,,,,,,,,,,,,,,,,,,
,,,,,,,,,,,,,,,,,,
,,,,,,,,,,,,,,,,,,
,,,,,,,,,,,,,,,,,,
,,,,,,,,,,,,,,,,,,
,,,,,,,,,,,,,,,,,,
,,,,,,,,,,,,,,,,,,
,,,,,,,,,,,,,,,,,,
,,,,,,,,,,,,,,,,,,
,,,,,,,,,,,,,,,,,,
,,,,,,,,,,,,,,,,,,
,,,,,,,,,,,,,,,,,,
,,,,,,,,,,,,,,,,,,
,,,,,,,,,,,,,,,,,,
,,,,,,,,,,,,,,,,,,
,,,,,,,,,,,,,,,,,,
,,,,,,,,,,,,,,,,,,
,,,,,,,,,,,,,,,,,,
,,,,,,,,,,,,,,,,,,
,,,,,,,,,,,,,,,,,,
,,,,,,,,,,,,,,,,,,
,,,,,,,,,,,,,,,,,,
,,,,,,,,,,,,,,,,,,
,,,,,,,,,,,,,,,,,,
,,,,,,,,,,,,,,,,,,
,,,,,,,,,,,,,,,,,,
,,,,,,,,,,,,,,,,,,
,,,,,,,,,,,,,,,,,,
,,,,,,,,,,,,,,,,,,
,,,,,,,,,,,,,,,,,,
,,,,,,,,,,,,,,,,,,
,,,,,,,,,,,,,,,,,,
,,,,,,,,,,,,,,,,,,
,,,,,,,,,,,,,,,,,,
,,,,,,,,,,,,,,,,,,
,,,,,,,,,,,,,,,,,,
,,,,,,,,,,,,,,,,,,
,,,,,,,,,,,,,,,,,,
,,,,,,,,,,,,,,,,,,
,,,,,,,,,,,,,,,,,,
,,,,,,,,,,,,,,,,,,
,,,,,,,,,,,,,,,,,,
,,,,,,,,,,,,,,,,,,
,,,,,,,,,,,,,,,,,,
,,,,,,,,,,,,,,,,,,
,,,,,,,,,,,,,,,,,,
,,,,,,,,,,,,,,,,,,
,,,,,,,,,,,,,,,,,,
,,,,,,,,,,,,,,,,,,
,,,,,,,,,,,,,,,,,,
,,,,,,,,,,,,,,,,,,
,,,,,,,,,,,,,,,,,,
,,,,,,,,,,,,,,,,,,
,,,,,,,,,,,,,,,,,,
,,,,,,,,,,,,,,,,,,
,,,,,,,,,,,,,,,,,,
,,,,,,,,,,,,,,,,,,
,,,,,,,,,,,,,,,,,,
,,,,,,,,,,,,,,,,,,
,,,,,,,,,,,,,,,,,,
,,,,,,,,,,,,,,,,,,
,,,,,,,,,,,,,,,,,,
,,,,,,,,,,,,,,,,,,
,,,,,,,,,,,,,,,,,,
,,,,,,,,,,,,,,,,,,
,,,,,,,,,,,,,,,,,,
,,,,,,,,,,,,,,,,,,
,,,,,,,,,,,,,,,,,,
,,,,,,,,,,,,,,,,,,
,,,,,,,,,,,,,,,,,,
,,,,,,,,,,,,,,,,,,
,,,,,,,,,,,,,,,,,,
,,,,,,,,,,,,,,,,,,
,,,,,,,,,,,,,,,,,,
,,,,,,,,,,,,,,,,,,
,,,,,,,,,,,,,,,,,,
,,,,,,,,,,,,,,,,,,
,,,,,,,,,,,,,,,,,,
,,,,,,,,,,,,,,,,,,
,,,,,,,,,,,,,,,,,,
,,,,,,,,,,,,,,,,,,
,,,,,,,,,,,,,,,,,,
,,,,,,,,,,,,,,,,,,
,,,,,,,,,,,,,,,,,,
,,,,,,,,,,,,,,,,,,
,,,,,,,,,,,,,,,,,,
,,,,,,,,,,,,,,,,,,
,,,,,,,,,,,,,,,,,,
,,,,,,,,,,,,,,,,,,
,,,,,,,,,,,,,,,,,,
,,,,,,,,,,,,,,,,,,
,,,,,,,,,,,,,,,,,,
,,,,,,,,,,,,,,,,,,
,,,,,,,,,,,,,,,,,,
,,,,,,,,,,,,,,,,,,
,,,,,,,,,,,,,,,,,,
,,,,,,,,,,,,,,,,,,
,,,,,,,,,,,,,,,,,,
,,,,,,,,,,,,,,,,,,
,,,,,,,,,,,,,,,,,,
,,,,,,,,,,,,,,,,,,
,,,,,,,,,,,,,,,,,,
,,,,,,,,,,,,,,,,,,
,,,,,,,,,,,,,,,,,,
,,,,,,,,,,,,,,,,,,
,,,,,,,,,,,,,,,,,,
,,,,,,,,,,,,,,,,,,
,,,,,,,,,,,,,,,,,,
,,,,,,,,,,,,,,,,,,
,,,,,,,,,,,,,,,,,,
,,,,,,,,,,,,,,,,,,
,,,,,,,,,,,,,,,,,,
,,,,,,,,,,,,,,,,,,
,,,,,,,,,,,,,,,,,,
,,,,,,,,,,,,,,,,,,
,,,,,,,,,,,,,,,,,,
,,,,,,,,,,,,,,,,,,
,,,,,,,,,,,,,,,,,,
,,,,,,,,,,,,,,,,,,
,,,,,,,,,,,,,,,,,,
,,,,,,,,,,,,,,,,,,
,,,,,,,,,,,,,,,,,,
,,,,,,,,,,,,,,,,,,
,,,,,,,,,,,,,,,,,,
,,,,,,,,,,,,,,,,,,
,,,,,,,,,,,,,,,,,,
,,,,,,,,,,,,,,,,,,
,,,,,,,,,,,,,,,,,,
,,,,,,,,,,,,,,,,,,
,,,,,,,,,,,,,,,,,,
,,,,,,,,,,,,,,,,,,
,,,,,,,,,,,,,,,,,,
,,,,,,,,,,,,,,,,,,
,,,,,,,,,,,,,,,,,,
,,,,,,,,,,,,,,,,,,
,,,,,,,,,,,,,,,,,,
,,,,,,,,,,,,,,,,,,
,,,,,,,,,,,,,,,,,,
,,,,,,,,,,,,,,,,,,
,,,,,,,,,,,,,,,,,,
,,,,,,,,,,,,,,,,,,
,,,,,,,,,,,,,,,,,,
,,,,,,,,,,,,,,,,,,
,,,,,,,,,,,,,,,,,,
,,,,,,,,,,,,,,,,,,
,,,,,,,,,,,,,,,,,,
,,,,,,,,,,,,,,,,,,
,,,,,,,,,,,,,,,,,,
,,,,,,,,,,,,,,,,,,
,,,,,,,,,,,,,,,,,,
,,,,,,,,,,,,,,,,,,
,,,,,,,,,,,,,,,,,,
,,,,,,,,,,,,,,,,,,
,,,,,,,,,,,,,,,,,,
,,,,,,,,,,,,,,,,,,
,,,,,,,,,,,,,,,,,,
,,,,,,,,,,,,,,,,,,
,,,,,,,,,,,,,,,,,,
,,,,,,,,,,,,,,,,,,
,,,,,,,,,,,,,,,,,,
,,,,,,,,,,,,,,,,,,
,,,,,,,,,,,,,,,,,,
,,,,,,,,,,,,,,,,,,
,,,,,,,,,,,,,,,,,,
,,,,,,,,,,,,,,,,,,
,,,,,,,,,,,,,,,,,,
,,,,,,,,,,,,,,,,,,
,,,,,,,,,,,,,,,,,,
,,,,,,,,,,,,,,,,,,
,,,,,,,,,,,,,,,,,,
,,,,,,,,,,,,,,,,,,
,,,,,,,,,,,,,,,,,,
,,,,,,,,,,,,,,,,,,
,,,,,,,,,,,,,,,,,,
,,,,,,,,,,,,,,,,,,
,,,,,,,,,,,,,,,,,,
,,,,,,,,,,,,,,,,,,
,,,,,,,,,,,,,,,,,,
,,,,,,,,,,,,,,,,,,
,,,,,,,,,,,,,,,,,,
,,,,,,,,,,,,,,,,,,
,,,,,,,,,,,,,,,,,,
,,,,,,,,,,,,,,,,,,
,,,,,,,,,,,,,,,,,,
,,,,,,,,,,,,,,,,,,
,,,,,,,,,,,,,,,,,,
,,,,,,,,,,,,,,,,,,
,,,,,,,,,,,,,,,,,,
,,,,,,,,,,,,,,,,,,
,,,,,,,,,,,,,,,,,,
,,,,,,,,,,,,,,,,,,
,,,,,,,,,,,,,,,,,,
,,,,,,,,,,,,,,,,,,
,,,,,,,,,,,,,,,,,,
,,,,,,,,,,,,,,,,,,
,,,,,,,,,,,,,,,,,,
,,,,,,,,,,,,,,,,,,
,,,,,,,,,,,,,,,,,,
,,,,,,,,,,,,,,,,,,
,,,,,,,,,,,,,,,,,,
,,,,,,,,,,,,,,,,,,
,,,,,,,,,,,,,,,,,,
,,,,,,,,,,,,,,,,,,
,,,,,,,,,,,,,,,,,,
,,,,,,,,,,,,,,,,,,
,,,,,,,,,,,,,,,,,,
,,,,,,,,,,,,,,,,,,
,,,,,,,,,,,,,,,,,,
,,,,,,,,,,,,,,,,,,
,,,,,,,,,,,,,,,,,,
,,,,,,,,,,,,,,,,,,
,,,,,,,,,,,,,,,,,,
,,,,,,,,,,,,,,,,,,
,,,,,,,,,,,,,,,,,,
,,,,,,,,,,,,,,,,,,
,,,,,,,,,,,,,,,,,,
